season,team,line,over_odds,under_odds,hold,over_probability,under_probability,line_adj,source,source_date
2003,ARI,5.0,125,-155,0.0523,0.4224,0.5776,4.8497,not_tracked,2003-08-30T00:00:00.000000+00:00
2003,ATL,9.5,-115,-115,0.0698,0.5,0.5,9.5,not_tracked,2003-08-30T00:00:00.000000+00:00
2003,BAL,7.5,-160,130,0.0502,0.586,0.414,7.6667,not_tracked,2003-08-30T00:00:00.000000+00:00
2003,BUF,8.5,-130,100,0.0652,0.5306,0.4694,8.5588,not_tracked,2003-08-30T00:00:00.000000+00:00
2003,CAR,7.5,-115,-115,0.0698,0.5,0.5,7.5,not_tracked,2003-08-30T00:00:00.000000+00:00
2003,CHI,7.5,130,-160,0.0502,0.414,0.586,7.3333,not_tracked,2003-08-30T00:00:00.000000+00:00
2003,CIN,5.5,-130,100,0.0652,0.5306,0.4694,5.5588,not_tracked,2003-08-30T00:00:00.000000+00:00
2003,CLE,8.5,100,-130,0.0652,0.4694,0.5306,8.4412,not_tracked,2003-08-30T00:00:00.000000+00:00
2003,DAL,7.5,130,-160,0.0502,0.414,0.586,7.3333,not_tracked,2003-08-30T00:00:00.000000+00:00
2003,DEN,9.5,-120,-110,0.0693,0.5101,0.4899,9.5194,not_tracked,2003-08-30T00:00:00.000000+00:00
2003,DET,6.0,-140,110,0.0595,0.5506,0.4494,6.0974,not_tracked,2003-08-30T00:00:00.000000+00:00
2003,GB,10.0,130,-160,0.0502,0.414,0.586,9.8333,not_tracked,2003-08-30T00:00:00.000000+00:00
2003,HOU,5.0,-130,100,0.0652,0.5306,0.4694,5.0588,not_tracked,2003-08-30T00:00:00.000000+00:00
2003,IND,8.5,-115,-115,0.0698,0.5,0.5,8.5,not_tracked,2003-08-30T00:00:00.000000+00:00
2003,JAX,7.0,100,-130,0.0652,0.4694,0.5306,6.9412,not_tracked,2003-08-30T00:00:00.000000+00:00
2003,KC,9.0,-130,100,0.0652,0.5306,0.4694,9.0588,not_tracked,2003-08-30T00:00:00.000000+00:00
2003,LA,9.5,-130,100,0.0652,0.5306,0.4694,9.5588,not_tracked,2003-08-30T00:00:00.000000+00:00
2003,LAC,8.5,120,-150,0.0545,0.431,0.569,8.3668,not_tracked,2003-08-30T00:00:00.000000+00:00
2003,LV,9.5,-150,120,0.0545,0.569,0.431,9.6332,not_tracked,2003-08-30T00:00:00.000000+00:00
2003,MIA,9.5,-145,115,0.057,0.5599,0.4401,9.6156,not_tracked,2003-08-30T00:00:00.000000+00:00
2003,MIN,8.0,-130,100,0.0652,0.5306,0.4694,8.0588,not_tracked,2003-08-30T00:00:00.000000+00:00
2003,NE,8.5,-160,130,0.0502,0.586,0.414,8.6667,not_tracked,2003-08-30T00:00:00.000000+00:00
2003,NO,8.0,-130,100,0.0652,0.5306,0.4694,8.0588,not_tracked,2003-08-30T00:00:00.000000+00:00
2003,NYG,8.5,-145,115,0.057,0.5599,0.4401,8.6156,not_tracked,2003-08-30T00:00:00.000000+00:00
2003,NYJ,9.0,-115,-115,0.0698,0.5,0.5,9.0,not_tracked,2003-08-30T00:00:00.000000+00:00
2003,PHI,10.5,130,-160,0.0502,0.414,0.586,10.3333,not_tracked,2003-08-30T00:00:00.000000+00:00
2003,PIT,9.5,-150,120,0.0545,0.569,0.431,9.6332,not_tracked,2003-08-30T00:00:00.000000+00:00
2003,SEA,7.5,-180,140,0.0595,0.6067,0.3933,7.7081,not_tracked,2003-08-30T00:00:00.000000+00:00
2003,SF,9.5,115,-145,0.057,0.4401,0.5599,9.3844,not_tracked,2003-08-30T00:00:00.000000+00:00
2003,TB,10.5,-115,-115,0.0698,0.5,0.5,10.5,not_tracked,2003-08-30T00:00:00.000000+00:00
2003,TEN,9.5,-135,105,0.0623,0.5408,0.4592,9.5785,not_tracked,2003-08-30T00:00:00.000000+00:00
2003,WAS,7.5,-150,120,0.0545,0.569,0.431,7.6332,not_tracked,2003-08-30T00:00:00.000000+00:00
2004,ARI,5.5,-130,100,0.0652,0.5306,0.4694,5.5588,not_tracked,2004-08-30T00:00:00.000000+00:00
2004,ATL,9.0,-110,-120,0.0693,0.4899,0.5101,8.9806,not_tracked,2004-08-30T00:00:00.000000+00:00
2004,BAL,9.0,100,-130,0.0652,0.4694,0.5306,8.9412,not_tracked,2004-08-30T00:00:00.000000+00:00
2004,BUF,7.5,-115,-115,0.0698,0.5,0.5,7.5,not_tracked,2004-08-30T00:00:00.000000+00:00
2004,CAR,8.5,100,-130,0.0652,0.4694,0.5306,8.4412,not_tracked,2004-08-30T00:00:00.000000+00:00
2004,CHI,6.5,-130,100,0.0652,0.5306,0.4694,6.5588,not_tracked,2004-08-30T00:00:00.000000+00:00
2004,CIN,7.5,-115,-115,0.0698,0.5,0.5,7.5,not_tracked,2004-08-30T00:00:00.000000+00:00
2004,CLE,7.5,120,-150,0.0545,0.431,0.569,7.3668,not_tracked,2004-08-30T00:00:00.000000+00:00
2004,DAL,9.0,-115,-115,0.0698,0.5,0.5,9.0,not_tracked,2004-08-30T00:00:00.000000+00:00
2004,DEN,9.0,-115,-115,0.0698,0.5,0.5,9.0,not_tracked,2004-08-30T00:00:00.000000+00:00
2004,DET,6.5,-130,100,0.0652,0.5306,0.4694,6.5588,not_tracked,2004-08-30T00:00:00.000000+00:00
2004,GB,9.5,115,-145,0.057,0.4401,0.5599,9.3844,not_tracked,2004-08-30T00:00:00.000000+00:00
2004,HOU,6.5,100,-130,0.0652,0.4694,0.5306,6.4412,not_tracked,2004-08-30T00:00:00.000000+00:00
2004,IND,10.5,120,-150,0.0545,0.431,0.569,10.3668,not_tracked,2004-08-30T00:00:00.000000+00:00
2004,JAX,7.5,-140,110,0.0595,0.5506,0.4494,7.5974,not_tracked,2004-08-30T00:00:00.000000+00:00
2004,KC,10.0,100,-130,0.0652,0.4694,0.5306,9.9412,not_tracked,2004-08-30T00:00:00.000000+00:00
2004,LA,9.5,110,-140,0.0595,0.4494,0.5506,9.4026,not_tracked,2004-08-30T00:00:00.000000+00:00
2004,LAC,4.5,110,-140,0.0595,0.4494,0.5506,4.4026,not_tracked,2004-08-30T00:00:00.000000+00:00
2004,LV,7.5,-130,100,0.0652,0.5306,0.4694,7.5588,not_tracked,2004-08-30T00:00:00.000000+00:00
2004,MIA,9.5,110,-140,0.0595,0.4494,0.5506,9.4026,not_tracked,2004-08-30T00:00:00.000000+00:00
2004,MIN,8.5,-140,110,0.0595,0.5506,0.4494,8.5974,not_tracked,2004-08-30T00:00:00.000000+00:00
2004,NE,10.5,100,-130,0.0652,0.4694,0.5306,10.4412,not_tracked,2004-08-30T00:00:00.000000+00:00
2004,NO,7.5,-115,-115,0.0698,0.5,0.5,7.5,not_tracked,2004-08-30T00:00:00.000000+00:00
2004,NYG,6.0,-135,105,0.0623,0.5408,0.4592,6.0785,not_tracked,2004-08-30T00:00:00.000000+00:00
2004,NYJ,9.0,120,-150,0.0545,0.431,0.569,8.8668,not_tracked,2004-08-30T00:00:00.000000+00:00
2004,PHI,10.5,100,-130,0.0652,0.4694,0.5306,10.4412,not_tracked,2004-08-30T00:00:00.000000+00:00
2004,PIT,7.5,100,-130,0.0652,0.4694,0.5306,7.4412,not_tracked,2004-08-30T00:00:00.000000+00:00
2004,SEA,9.0,100,-130,0.0652,0.4694,0.5306,8.9412,not_tracked,2004-08-30T00:00:00.000000+00:00
2004,SF,5.0,-130,100,0.0652,0.5306,0.4694,5.0588,not_tracked,2004-08-30T00:00:00.000000+00:00
2004,TB,9.0,-130,100,0.0652,0.5306,0.4694,9.0588,not_tracked,2004-08-30T00:00:00.000000+00:00
2004,TEN,9.5,-130,100,0.0652,0.5306,0.4694,9.5588,not_tracked,2004-08-30T00:00:00.000000+00:00
2004,WAS,9.0,100,-130,0.0652,0.4694,0.5306,8.9412,not_tracked,2004-08-30T00:00:00.000000+00:00
2005,ARI,7.0,-150,120,0.0545,0.569,0.431,7.1332,not_tracked,2005-08-30T00:00:00.000000+00:00
2005,ATL,9.5,110,-140,0.0595,0.4494,0.5506,9.4026,not_tracked,2005-08-30T00:00:00.000000+00:00
2005,BAL,10.0,105,-135,0.0623,0.4592,0.5408,9.9215,not_tracked,2005-08-30T00:00:00.000000+00:00
2005,BUF,8.0,-135,105,0.0623,0.5408,0.4592,8.0785,not_tracked,2005-08-30T00:00:00.000000+00:00
2005,CAR,9.0,-130,100,0.0652,0.5306,0.4694,9.0588,not_tracked,2005-08-30T00:00:00.000000+00:00
2005,CHI,7.0,100,-130,0.0652,0.4694,0.5306,6.9412,not_tracked,2005-08-30T00:00:00.000000+00:00
2005,CIN,8.0,-115,-115,0.0698,0.5,0.5,8.0,not_tracked,2005-08-30T00:00:00.000000+00:00
2005,CLE,5.0,115,-145,0.057,0.4401,0.5599,4.8844,not_tracked,2005-08-30T00:00:00.000000+00:00
2005,DAL,8.0,-140,110,0.0595,0.5506,0.4494,8.0974,not_tracked,2005-08-30T00:00:00.000000+00:00
2005,DEN,8.5,-140,110,0.0595,0.5506,0.4494,8.5974,not_tracked,2005-08-30T00:00:00.000000+00:00
2005,DET,8.0,-130,100,0.0652,0.5306,0.4694,8.0588,not_tracked,2005-08-30T00:00:00.000000+00:00
2005,GB,8.0,110,-140,0.0595,0.4494,0.5506,7.9026,not_tracked,2005-08-30T00:00:00.000000+00:00
2005,HOU,7.5,100,-130,0.0652,0.4694,0.5306,7.4412,not_tracked,2005-08-30T00:00:00.000000+00:00
2005,IND,11.5,-110,-120,0.0693,0.4899,0.5101,11.4806,not_tracked,2005-08-30T00:00:00.000000+00:00
2005,JAX,8.5,-115,-115,0.0698,0.5,0.5,8.5,not_tracked,2005-08-30T00:00:00.000000+00:00
2005,KC,9.0,-115,-115,0.0698,0.5,0.5,9.0,not_tracked,2005-08-30T00:00:00.000000+00:00
2005,LA,8.0,-150,120,0.0545,0.569,0.431,8.1332,not_tracked,2005-08-30T00:00:00.000000+00:00
2005,LAC,8.0,-130,100,0.0652,0.5306,0.4694,8.0588,not_tracked,2005-08-30T00:00:00.000000+00:00
2005,LV,7.5,-145,115,0.057,0.5599,0.4401,7.6156,not_tracked,2005-08-30T00:00:00.000000+00:00
2005,MIA,5.5,-165,135,0.0482,0.594,0.406,5.6827,not_tracked,2005-08-30T00:00:00.000000+00:00
2005,MIN,9.0,-135,105,0.0623,0.5408,0.4592,9.0785,not_tracked,2005-08-30T00:00:00.000000+00:00
2005,NE,11.0,110,-140,0.0595,0.4494,0.5506,10.9026,not_tracked,2005-08-30T00:00:00.000000+00:00
2005,NO,7.5,-125,-105,0.0678,0.5203,0.4797,7.539,not_tracked,2005-08-30T00:00:00.000000+00:00
2005,NYG,6.5,-120,-110,0.0693,0.5101,0.4899,6.5194,not_tracked,2005-08-30T00:00:00.000000+00:00
2005,NYJ,9.0,-125,-105,0.0678,0.5203,0.4797,9.039,not_tracked,2005-08-30T00:00:00.000000+00:00
2005,PHI,11.5,-110,-120,0.0693,0.4899,0.5101,11.4806,not_tracked,2005-08-30T00:00:00.000000+00:00
2005,PIT,9.5,-150,120,0.0545,0.569,0.431,9.6332,not_tracked,2005-08-30T00:00:00.000000+00:00
2005,SEA,9.0,100,-130,0.0652,0.4694,0.5306,8.9412,not_tracked,2005-08-30T00:00:00.000000+00:00
2005,SF,4.5,100,-130,0.0652,0.4694,0.5306,4.4412,not_tracked,2005-08-30T00:00:00.000000+00:00
2005,TB,7.0,-115,-115,0.0698,0.5,0.5,7.0,not_tracked,2005-08-30T00:00:00.000000+00:00
2005,TEN,6.5,-115,-115,0.0698,0.5,0.5,6.5,not_tracked,2005-08-30T00:00:00.000000+00:00
2005,WAS,7.5,-115,-115,0.0698,0.5,0.5,7.5,not_tracked,2005-08-30T00:00:00.000000+00:00
2006,ARI,8.0,110,-130,0.0414,0.4573,0.5427,7.9177,not_tracked,2006-08-30T00:00:00.000000+00:00
2006,ATL,8.0,-135,115,0.0396,0.5526,0.4474,8.1013,not_tracked,2006-08-30T00:00:00.000000+00:00
2006,BAL,8.0,-130,110,0.0414,0.5427,0.4573,8.0823,not_tracked,2006-08-30T00:00:00.000000+00:00
2006,BUF,7.0,165,-185,0.0265,0.3676,0.6324,6.7397,not_tracked,2006-08-30T00:00:00.000000+00:00
2006,CAR,10.0,-110,-110,0.0476,0.5,0.5,10.0,not_tracked,2006-08-30T00:00:00.000000+00:00
2006,CHI,9.0,-160,140,0.0321,0.5963,0.4037,9.1872,not_tracked,2006-08-30T00:00:00.000000+00:00
2006,CIN,9.0,-105,-115,0.0471,0.4892,0.5108,8.9792,not_tracked,2006-08-30T00:00:00.000000+00:00
2006,CLE,6.5,-175,155,0.0285,0.6187,0.3813,6.7323,not_tracked,2006-08-30T00:00:00.000000+00:00
2006,DAL,9.5,-110,-110,0.0476,0.5,0.5,9.5,not_tracked,2006-08-30T00:00:00.000000+00:00
2006,DEN,10.0,-110,-110,0.0476,0.5,0.5,10.0,not_tracked,2006-08-30T00:00:00.000000+00:00
2006,DET,7.0,120,-140,0.0379,0.438,0.562,6.8803,not_tracked,2006-08-30T00:00:00.000000+00:00
2006,GB,6.0,-160,140,0.0321,0.5963,0.4037,6.1872,not_tracked,2006-08-30T00:00:00.000000+00:00
2006,HOU,5.5,-130,110,0.0414,0.5427,0.4573,5.5823,not_tracked,2006-08-30T00:00:00.000000+00:00
2006,IND,11.5,110,-130,0.0414,0.4573,0.5427,11.4177,not_tracked,2006-08-30T00:00:00.000000+00:00
2006,JAX,9.0,110,-130,0.0414,0.4573,0.5427,8.9177,not_tracked,2006-08-30T00:00:00.000000+00:00
2006,KC,9.5,110,-130,0.0414,0.4573,0.5427,9.4177,not_tracked,2006-08-30T00:00:00.000000+00:00
2006,LA,7.0,110,-130,0.0414,0.4573,0.5427,6.9177,not_tracked,2006-08-30T00:00:00.000000+00:00
2006,LAC,9.0,130,-150,0.0348,0.4202,0.5798,8.8454,not_tracked,2006-08-30T00:00:00.000000+00:00
2006,LV,6.5,105,-125,0.0434,0.4675,0.5325,6.4376,not_tracked,2006-08-30T00:00:00.000000+00:00
2006,MIA,9.0,-135,115,0.0396,0.5526,0.4474,9.1013,not_tracked,2006-08-30T00:00:00.000000+00:00
2006,MIN,8.0,-120,100,0.0455,0.5217,0.4783,8.0418,not_tracked,2006-08-30T00:00:00.000000+00:00
2006,NE,10.5,125,-145,0.0363,0.4289,0.5711,10.3625,not_tracked,2006-08-30T00:00:00.000000+00:00
2006,NO,7.0,135,-155,0.0334,0.4118,0.5882,6.8289,not_tracked,2006-08-30T00:00:00.000000+00:00
2006,NYG,9.0,115,-135,0.0396,0.4474,0.5526,8.8987,not_tracked,2006-08-30T00:00:00.000000+00:00
2006,NYJ,6.5,130,-150,0.0348,0.4202,0.5798,6.3454,not_tracked,2006-08-30T00:00:00.000000+00:00
2006,PHI,8.5,-135,115,0.0396,0.5526,0.4474,8.6013,not_tracked,2006-08-30T00:00:00.000000+00:00
2006,PIT,10.5,-110,-120,0.0693,0.4899,0.5101,10.4806,not_tracked,2006-08-30T00:00:00.000000+00:00
2006,SEA,10.5,110,-130,0.0414,0.4573,0.5427,10.4177,not_tracked,2006-08-30T00:00:00.000000+00:00
2006,SF,5.0,100,-120,0.0455,0.4783,0.5217,4.9582,not_tracked,2006-08-30T00:00:00.000000+00:00
2006,TB,8.0,100,-120,0.0455,0.4783,0.5217,7.9582,not_tracked,2006-08-30T00:00:00.000000+00:00
2006,TEN,5.5,120,-140,0.0379,0.438,0.562,5.3803,not_tracked,2006-08-30T00:00:00.000000+00:00
2006,WAS,9.0,-140,120,0.0379,0.562,0.438,9.1197,not_tracked,2006-08-30T00:00:00.000000+00:00
2007,ARI,7.0,-135,115,0.0396,0.5526,0.4474,7.1013,not_tracked,2007-08-30T00:00:00.000000+00:00
2007,ATL,7.5,100,-120,0.0455,0.4783,0.5217,7.4582,not_tracked,2007-08-30T00:00:00.000000+00:00
2007,BAL,9.0,-140,120,0.0379,0.562,0.438,9.1197,not_tracked,2007-08-30T00:00:00.000000+00:00
2007,BUF,6.0,-110,-110,0.0476,0.5,0.5,6.0,not_tracked,2007-08-30T00:00:00.000000+00:00
2007,CAR,9.0,120,-140,0.0379,0.438,0.562,8.8803,not_tracked,2007-08-30T00:00:00.000000+00:00
2007,CHI,10.0,115,-135,0.0396,0.4474,0.5526,9.8987,not_tracked,2007-08-30T00:00:00.000000+00:00
2007,CIN,9.0,-130,110,0.0414,0.5427,0.4573,9.0823,not_tracked,2007-08-30T00:00:00.000000+00:00
2007,CLE,5.5,-160,140,0.0321,0.5963,0.4037,5.6872,not_tracked,2007-08-30T00:00:00.000000+00:00
2007,DAL,9.0,-125,105,0.0434,0.5325,0.4675,9.0624,not_tracked,2007-08-30T00:00:00.000000+00:00
2007,DEN,9.5,-105,-115,0.0471,0.4892,0.5108,9.4792,not_tracked,2007-08-30T00:00:00.000000+00:00
2007,DET,6.0,-110,-110,0.0476,0.5,0.5,6.0,not_tracked,2007-08-30T00:00:00.000000+00:00
2007,GB,7.5,130,-150,0.0348,0.4202,0.5798,7.3454,not_tracked,2007-08-30T00:00:00.000000+00:00
2007,HOU,6.5,100,-120,0.0455,0.4783,0.5217,6.4582,not_tracked,2007-08-30T00:00:00.000000+00:00
2007,IND,10.5,-120,100,0.0455,0.5217,0.4783,10.5418,not_tracked,2007-08-30T00:00:00.000000+00:00
2007,JAX,9.0,100,-120,0.0455,0.4783,0.5217,8.9582,not_tracked,2007-08-30T00:00:00.000000+00:00
2007,KC,7.5,100,-120,0.0455,0.4783,0.5217,7.4582,not_tracked,2007-08-30T00:00:00.000000+00:00
2007,LA,7.5,100,-120,0.0455,0.4783,0.5217,7.4582,not_tracked,2007-08-30T00:00:00.000000+00:00
2007,LAC,10.5,-140,120,0.0379,0.562,0.438,10.6197,not_tracked,2007-08-30T00:00:00.000000+00:00
2007,LV,5.0,-120,100,0.0455,0.5217,0.4783,5.0418,not_tracked,2007-08-30T00:00:00.000000+00:00
2007,MIA,7.0,-120,100,0.0455,0.5217,0.4783,7.0418,not_tracked,2007-08-30T00:00:00.000000+00:00
2007,MIN,6.5,-140,120,0.0379,0.562,0.438,6.6197,not_tracked,2007-08-30T00:00:00.000000+00:00
2007,NE,11.5,-110,-110,0.0476,0.5,0.5,11.5,not_tracked,2007-08-30T00:00:00.000000+00:00
2007,NO,9.0,-110,-110,0.0476,0.5,0.5,9.0,not_tracked,2007-08-30T00:00:00.000000+00:00
2007,NYG,8.0,-110,-110,0.0476,0.5,0.5,8.0,not_tracked,2007-08-30T00:00:00.000000+00:00
2007,NYJ,8.0,150,-170,0.0296,0.3885,0.6115,7.7823,not_tracked,2007-08-30T00:00:00.000000+00:00
2007,PHI,9.0,-140,120,0.0379,0.562,0.438,9.1197,not_tracked,2007-08-30T00:00:00.000000+00:00
2007,PIT,9.0,115,-135,0.0396,0.4474,0.5526,8.8987,not_tracked,2007-08-30T00:00:00.000000+00:00
2007,SEA,9.0,120,-140,0.0379,0.438,0.562,8.8803,not_tracked,2007-08-30T00:00:00.000000+00:00
2007,SF,7.5,-145,125,0.0363,0.5711,0.4289,7.6375,not_tracked,2007-08-30T00:00:00.000000+00:00
2007,TB,7.0,-110,-110,0.0476,0.5,0.5,7.0,not_tracked,2007-08-30T00:00:00.000000+00:00
2007,TEN,7.0,105,-125,0.0434,0.4675,0.5325,6.9376,not_tracked,2007-08-30T00:00:00.000000+00:00
2007,WAS,7.5,140,-160,0.0321,0.4037,0.5963,7.3128,not_tracked,2007-08-30T00:00:00.000000+00:00
2008,ARI,7.5,-135,115,0.0396,0.5526,0.4474,7.6013,not_tracked,2008-08-30T00:00:00.000000+00:00
2008,ATL,4.5,-150,130,0.0348,0.5798,0.4202,4.6546,not_tracked,2008-08-30T00:00:00.000000+00:00
2008,BAL,6.0,115,-135,0.0396,0.4474,0.5526,5.8987,not_tracked,2008-08-30T00:00:00.000000+00:00
2008,BUF,7.5,-150,130,0.0348,0.5798,0.4202,7.6546,not_tracked,2008-08-30T00:00:00.000000+00:00
2008,CAR,7.5,-140,120,0.0379,0.562,0.438,7.6197,not_tracked,2008-08-30T00:00:00.000000+00:00
2008,CHI,8.0,110,-130,0.0414,0.4573,0.5427,7.9177,not_tracked,2008-08-30T00:00:00.000000+00:00
2008,CIN,7.0,-125,105,0.0434,0.5325,0.4675,7.0624,not_tracked,2008-08-30T00:00:00.000000+00:00
2008,CLE,8.0,-150,130,0.0348,0.5798,0.4202,8.1546,not_tracked,2008-08-30T00:00:00.000000+00:00
2008,DAL,10.5,-135,115,0.0396,0.5526,0.4474,10.6013,not_tracked,2008-08-30T00:00:00.000000+00:00
2008,DEN,7.5,-145,125,0.0363,0.5711,0.4289,7.6375,not_tracked,2008-08-30T00:00:00.000000+00:00
2008,DET,6.5,-130,110,0.0414,0.5427,0.4573,6.5823,not_tracked,2008-08-30T00:00:00.000000+00:00
2008,GB,8.5,140,-160,0.0321,0.4037,0.5963,8.3128,not_tracked,2008-08-30T00:00:00.000000+00:00
2008,HOU,7.5,100,-120,0.0455,0.4783,0.5217,7.4582,not_tracked,2008-08-30T00:00:00.000000+00:00
2008,IND,11.0,145,-165,0.0308,0.396,0.604,10.7973,not_tracked,2008-08-30T00:00:00.000000+00:00
2008,JAX,10.0,-105,-115,0.0471,0.4892,0.5108,9.9792,not_tracked,2008-08-30T00:00:00.000000+00:00
2008,KC,5.5,-175,155,0.0285,0.6187,0.3813,5.7323,not_tracked,2008-08-30T00:00:00.000000+00:00
2008,LA,6.5,-140,120,0.0379,0.562,0.438,6.6197,not_tracked,2008-08-30T00:00:00.000000+00:00
2008,LAC,10.5,-135,115,0.0396,0.5526,0.4474,10.6013,not_tracked,2008-08-30T00:00:00.000000+00:00
2008,LV,6.0,-135,115,0.0396,0.5526,0.4474,6.1013,not_tracked,2008-08-30T00:00:00.000000+00:00
2008,MIA,5.5,-110,-110,0.0476,0.5,0.5,5.5,not_tracked,2008-08-30T00:00:00.000000+00:00
2008,MIN,8.5,100,-120,0.0455,0.4783,0.5217,8.4582,not_tracked,2008-08-30T00:00:00.000000+00:00
2008,NE,12.0,-165,145,0.0308,0.604,0.396,12.2027,not_tracked,2008-08-30T00:00:00.000000+00:00
2008,NO,8.5,-155,135,0.0334,0.5882,0.4118,8.6711,not_tracked,2008-08-30T00:00:00.000000+00:00
2008,NYG,8.5,-140,120,0.0379,0.562,0.438,8.6197,not_tracked,2008-08-30T00:00:00.000000+00:00
2008,NYJ,7.5,-110,-110,0.0476,0.5,0.5,7.5,not_tracked,2008-08-30T00:00:00.000000+00:00
2008,PHI,8.5,-170,150,0.0296,0.6115,0.3885,8.7177,not_tracked,2008-08-30T00:00:00.000000+00:00
2008,PIT,9.0,-130,110,0.0414,0.5427,0.4573,9.0823,not_tracked,2008-08-30T00:00:00.000000+00:00
2008,SEA,8.5,-150,130,0.0348,0.5798,0.4202,8.6546,not_tracked,2008-08-30T00:00:00.000000+00:00
2008,SF,6.0,-155,135,0.0334,0.5882,0.4118,6.1711,not_tracked,2008-08-30T00:00:00.000000+00:00
2008,TB,8.0,110,-130,0.0414,0.4573,0.5427,7.9177,not_tracked,2008-08-30T00:00:00.000000+00:00
2008,TEN,8.0,-110,-110,0.0476,0.5,0.5,8.0,not_tracked,2008-08-30T00:00:00.000000+00:00
2008,WAS,7.5,-120,100,0.0455,0.5217,0.4783,7.5418,not_tracked,2008-08-30T00:00:00.000000+00:00
2009,ARI,8.5,-110,-120,0.0693,0.4899,0.5101,8.4806,not_tracked,2009-08-30T00:00:00.000000+00:00
2009,ATL,8.5,100,-135,0.0745,0.4653,0.5347,8.4334,not_tracked,2009-08-30T00:00:00.000000+00:00
2009,BAL,8.5,-150,120,0.0545,0.569,0.431,8.6332,not_tracked,2009-08-30T00:00:00.000000+00:00
2009,BUF,7.5,-120,-110,0.0693,0.5101,0.4899,7.5194,not_tracked,2009-08-30T00:00:00.000000+00:00
2009,CAR,8.5,110,-140,0.0595,0.4494,0.5506,8.4026,not_tracked,2009-08-30T00:00:00.000000+00:00
2009,CHI,8.5,-160,130,0.0502,0.586,0.414,8.6667,not_tracked,2009-08-30T00:00:00.000000+00:00
2009,CIN,7.0,-130,-110,0.089,0.519,0.481,7.0365,not_tracked,2009-08-30T00:00:00.000000+00:00
2009,CLE,7.0,160,-190,0.0398,0.3699,0.6301,6.7444,not_tracked,2009-08-30T00:00:00.000000+00:00
2009,DAL,9.0,-125,-105,0.0678,0.5203,0.4797,9.039,not_tracked,2009-08-30T00:00:00.000000+00:00
2009,DEN,6.5,105,-135,0.0623,0.4592,0.5408,6.4215,not_tracked,2009-08-30T00:00:00.000000+00:00
2009,DET,4.5,-135,100,0.0745,0.5347,0.4653,4.5666,not_tracked,2009-08-30T00:00:00.000000+00:00
2009,GB,9.0,-130,100,0.0652,0.5306,0.4694,9.0588,not_tracked,2009-08-30T00:00:00.000000+00:00
2009,HOU,8.5,110,-140,0.0595,0.4494,0.5506,8.4026,not_tracked,2009-08-30T00:00:00.000000+00:00
2009,IND,10.0,-115,-115,0.0698,0.5,0.5,10.0,not_tracked,2009-08-30T00:00:00.000000+00:00
2009,JAX,8.0,-135,105,0.0623,0.5408,0.4592,8.0785,not_tracked,2009-08-30T00:00:00.000000+00:00
2009,KC,6.0,-125,-105,0.0678,0.5203,0.4797,6.039,not_tracked,2009-08-30T00:00:00.000000+00:00
2009,LA,5.5,-150,120,0.0545,0.569,0.431,5.6332,not_tracked,2009-08-30T00:00:00.000000+00:00
2009,LAC,10.0,-140,110,0.0595,0.5506,0.4494,10.0974,not_tracked,2009-08-30T00:00:00.000000+00:00
2009,LV,6.0,110,-140,0.0595,0.4494,0.5506,5.9026,not_tracked,2009-08-30T00:00:00.000000+00:00
2009,MIA,7.0,-125,-105,0.0678,0.5203,0.4797,7.039,not_tracked,2009-08-30T00:00:00.000000+00:00
2009,MIN,9.5,-125,105,0.0434,0.5325,0.4675,9.5624,not_tracked,2009-08-30T00:00:00.000000+00:00
2009,NE,11.5,-135,105,0.0623,0.5408,0.4592,11.5785,not_tracked,2009-08-30T00:00:00.000000+00:00
2009,NO,9.0,-120,-110,0.0693,0.5101,0.4899,9.0194,not_tracked,2009-08-30T00:00:00.000000+00:00
2009,NYG,10.0,-120,-110,0.0693,0.5101,0.4899,10.0194,not_tracked,2009-08-30T00:00:00.000000+00:00
2009,NYJ,7.0,-130,100,0.0652,0.5306,0.4694,7.0588,not_tracked,2009-08-30T00:00:00.000000+00:00
2009,PHI,9.5,-145,115,0.057,0.5599,0.4401,9.6156,not_tracked,2009-08-30T00:00:00.000000+00:00
2009,PIT,10.5,-125,-105,0.0678,0.5203,0.4797,10.539,not_tracked,2009-08-30T00:00:00.000000+00:00
2009,SEA,7.5,-175,145,0.0445,0.6092,0.3908,7.7131,not_tracked,2009-08-30T00:00:00.000000+00:00
2009,SF,7.0,-140,110,0.0595,0.5506,0.4494,7.0974,not_tracked,2009-08-30T00:00:00.000000+00:00
2009,TB,6.5,140,-170,0.0463,0.3982,0.6018,6.3019,not_tracked,2009-08-30T00:00:00.000000+00:00
2009,TEN,9.0,-105,-125,0.0678,0.4797,0.5203,8.961,not_tracked,2009-08-30T00:00:00.000000+00:00
2009,WAS,8.5,120,-150,0.0545,0.431,0.569,8.3668,not_tracked,2009-08-30T00:00:00.000000+00:00
2010,ARI,7.5,-140,110,0.0595,0.5506,0.4494,7.5974,not_tracked,2010-08-30T00:00:00.000000+00:00
2010,ATL,9.5,-115,-115,0.0698,0.5,0.5,9.5,not_tracked,2010-08-30T00:00:00.000000+00:00
2010,BAL,10.0,-105,-125,0.0678,0.4797,0.5203,9.961,not_tracked,2010-08-30T00:00:00.000000+00:00
2010,BUF,5.0,-125,-105,0.0678,0.5203,0.4797,5.039,not_tracked,2010-08-30T00:00:00.000000+00:00
2010,CAR,7.0,115,-145,0.057,0.4401,0.5599,6.8844,not_tracked,2010-08-30T00:00:00.000000+00:00
2010,CHI,8.0,105,-135,0.0623,0.4592,0.5408,7.9215,not_tracked,2010-08-30T00:00:00.000000+00:00
2010,CIN,8.0,-140,110,0.0595,0.5506,0.4494,8.0974,not_tracked,2010-08-30T00:00:00.000000+00:00
2010,CLE,5.5,-130,100,0.0652,0.5306,0.4694,5.5588,not_tracked,2010-08-30T00:00:00.000000+00:00
2010,DAL,10.0,-135,105,0.0623,0.5408,0.4592,10.0785,not_tracked,2010-08-30T00:00:00.000000+00:00
2010,DEN,7.0,-130,100,0.0652,0.5306,0.4694,7.0588,not_tracked,2010-08-30T00:00:00.000000+00:00
2010,DET,5.0,-155,125,0.0523,0.5776,0.4224,5.1503,not_tracked,2010-08-30T00:00:00.000000+00:00
2010,GB,9.5,-160,130,0.0502,0.586,0.414,9.6667,not_tracked,2010-08-30T00:00:00.000000+00:00
2010,HOU,8.5,-115,-115,0.0698,0.5,0.5,8.5,not_tracked,2010-08-30T00:00:00.000000+00:00
2010,IND,10.5,-130,100,0.0652,0.5306,0.4694,10.5588,not_tracked,2010-08-30T00:00:00.000000+00:00
2010,JAX,7.0,-105,-125,0.0678,0.4797,0.5203,6.961,not_tracked,2010-08-30T00:00:00.000000+00:00
2010,KC,6.5,-115,-115,0.0698,0.5,0.5,6.5,not_tracked,2010-08-30T00:00:00.000000+00:00
2010,LA,4.5,-125,-105,0.0678,0.5203,0.4797,4.539,not_tracked,2010-08-30T00:00:00.000000+00:00
2010,LAC,10.5,-115,-115,0.0698,0.5,0.5,10.5,not_tracked,2010-08-30T00:00:00.000000+00:00
2010,LV,6.0,-150,120,0.0545,0.569,0.431,6.1332,not_tracked,2010-08-30T00:00:00.000000+00:00
2010,MIA,8.5,-125,-105,0.0678,0.5203,0.4797,8.539,not_tracked,2010-08-30T00:00:00.000000+00:00
2010,MIN,9.5,-110,-120,0.0693,0.4899,0.5101,9.4806,not_tracked,2010-08-30T00:00:00.000000+00:00
2010,NE,9.5,-120,-110,0.0693,0.5101,0.4899,9.5194,not_tracked,2010-08-30T00:00:00.000000+00:00
2010,NO,10.5,100,-130,0.0652,0.4694,0.5306,10.4412,not_tracked,2010-08-30T00:00:00.000000+00:00
2010,NYG,9.0,-110,-120,0.0693,0.4899,0.5101,8.9806,not_tracked,2010-08-30T00:00:00.000000+00:00
2010,NYJ,9.5,-125,-105,0.0678,0.5203,0.4797,9.539,not_tracked,2010-08-30T00:00:00.000000+00:00
2010,PHI,8.5,110,-140,0.0595,0.4494,0.5506,8.4026,not_tracked,2010-08-30T00:00:00.000000+00:00
2010,PIT,8.5,-110,-120,0.0693,0.4899,0.5101,8.4806,not_tracked,2010-08-30T00:00:00.000000+00:00
2010,SEA,7.0,110,-140,0.0595,0.4494,0.5506,6.9026,not_tracked,2010-08-30T00:00:00.000000+00:00
2010,SF,9.0,-115,-115,0.0698,0.5,0.5,9.0,not_tracked,2010-08-30T00:00:00.000000+00:00
2010,TB,6.0,100,-130,0.0652,0.4694,0.5306,5.9412,not_tracked,2010-08-30T00:00:00.000000+00:00
2010,TEN,8.0,-130,100,0.0652,0.5306,0.4694,8.0588,not_tracked,2010-08-30T00:00:00.000000+00:00
2010,WAS,7.5,100,-130,0.0652,0.4694,0.5306,7.4412,not_tracked,2010-08-30T00:00:00.000000+00:00
2011,ARI,7.0,-150,120,0.0545,0.569,0.431,7.1332,not_tracked,2011-08-30T00:00:00.000000+00:00
2011,ATL,10.0,-105,-125,0.0678,0.4797,0.5203,9.961,not_tracked,2011-08-30T00:00:00.000000+00:00
2011,BAL,10.5,110,-140,0.0595,0.4494,0.5506,10.4026,not_tracked,2011-08-30T00:00:00.000000+00:00
2011,BUF,5.5,-120,-110,0.0693,0.5101,0.4899,5.5194,not_tracked,2011-08-30T00:00:00.000000+00:00
2011,CAR,4.5,-105,-125,0.0678,0.4797,0.5203,4.461,not_tracked,2011-08-30T00:00:00.000000+00:00
2011,CHI,8.5,130,-160,0.0502,0.414,0.586,8.3333,not_tracked,2011-08-30T00:00:00.000000+00:00
2011,CIN,5.5,110,-140,0.0595,0.4494,0.5506,5.4026,not_tracked,2011-08-30T00:00:00.000000+00:00
2011,CLE,6.5,-160,130,0.0502,0.586,0.414,6.6667,not_tracked,2011-08-30T00:00:00.000000+00:00
2011,DAL,9.0,110,-140,0.0595,0.4494,0.5506,8.9026,not_tracked,2011-08-30T00:00:00.000000+00:00
2011,DEN,6.0,-120,-110,0.0693,0.5101,0.4899,6.0194,not_tracked,2011-08-30T00:00:00.000000+00:00
2011,DET,8.0,-145,115,0.057,0.5599,0.4401,8.1156,not_tracked,2011-08-30T00:00:00.000000+00:00
2011,GB,11.5,120,-150,0.0545,0.431,0.569,11.3668,not_tracked,2011-08-30T00:00:00.000000+00:00
2011,HOU,9.0,-145,115,0.057,0.5599,0.4401,9.1156,not_tracked,2011-08-30T00:00:00.000000+00:00
2011,IND,9.5,-135,105,0.0623,0.5408,0.4592,9.5785,not_tracked,2011-08-30T00:00:00.000000+00:00
2011,JAX,6.5,-110,-120,0.0693,0.4899,0.5101,6.4806,not_tracked,2011-08-30T00:00:00.000000+00:00
2011,KC,7.5,-115,-115,0.0698,0.5,0.5,7.5,not_tracked,2011-08-30T00:00:00.000000+00:00
2011,LA,7.5,-120,-110,0.0693,0.5101,0.4899,7.5194,not_tracked,2011-08-30T00:00:00.000000+00:00
2011,LAC,11.0,115,-145,0.057,0.4401,0.5599,10.8844,not_tracked,2011-08-30T00:00:00.000000+00:00
2011,LV,6.5,-105,-125,0.0678,0.4797,0.5203,6.461,not_tracked,2011-08-30T00:00:00.000000+00:00
2011,MIA,7.5,115,-145,0.057,0.4401,0.5599,7.3844,not_tracked,2011-08-30T00:00:00.000000+00:00
2011,MIN,7.0,-120,-110,0.0693,0.5101,0.4899,7.0194,not_tracked,2011-08-30T00:00:00.000000+00:00
2011,NE,11.5,-115,-115,0.0698,0.5,0.5,11.5,not_tracked,2011-08-30T00:00:00.000000+00:00
2011,NO,10.0,-150,120,0.0545,0.569,0.431,10.1332,not_tracked,2011-08-30T00:00:00.000000+00:00
2011,NYG,9.5,130,-160,0.0502,0.414,0.586,9.3333,not_tracked,2011-08-30T00:00:00.000000+00:00
2011,NYJ,10.0,105,-135,0.0623,0.4592,0.5408,9.9215,not_tracked,2011-08-30T00:00:00.000000+00:00
2011,PHI,10.5,-150,120,0.0545,0.569,0.431,10.6332,not_tracked,2011-08-30T00:00:00.000000+00:00
2011,PIT,10.5,-120,-110,0.0693,0.5101,0.4899,10.5194,not_tracked,2011-08-30T00:00:00.000000+00:00
2011,SEA,6.0,120,-150,0.0545,0.431,0.569,5.8668,not_tracked,2011-08-30T00:00:00.000000+00:00
2011,SF,7.5,-105,-125,0.0678,0.4797,0.5203,7.461,not_tracked,2011-08-30T00:00:00.000000+00:00
2011,TB,8.0,120,-150,0.0545,0.431,0.569,7.8668,not_tracked,2011-08-30T00:00:00.000000+00:00
2011,TEN,6.5,-130,100,0.0652,0.5306,0.4694,6.5588,not_tracked,2011-08-30T00:00:00.000000+00:00
2011,WAS,6.0,-125,-105,0.0678,0.5203,0.4797,6.039,not_tracked,2011-08-30T00:00:00.000000+00:00
2012,ARI,7.0,133,-170,0.0588,0.4053,0.5947,6.8161,not_tracked,2012-08-30T00:00:00.000000+00:00
2012,ATL,9.0,-135,105,0.0623,0.5408,0.4592,9.0785,not_tracked,2012-08-30T00:00:00.000000+00:00
2012,BAL,10.0,150,-190,0.0552,0.3791,0.6209,9.7632,not_tracked,2012-08-30T00:00:00.000000+00:00
2012,BUF,8.0,-150,120,0.0545,0.569,0.431,8.1332,not_tracked,2012-08-30T00:00:00.000000+00:00
2012,CAR,7.5,-145,115,0.057,0.5599,0.4401,7.6156,not_tracked,2012-08-30T00:00:00.000000+00:00
2012,CHI,9.5,-105,-125,0.0678,0.4797,0.5203,9.461,not_tracked,2012-08-30T00:00:00.000000+00:00
2012,CIN,8.0,105,-135,0.0623,0.4592,0.5408,7.9215,not_tracked,2012-08-30T00:00:00.000000+00:00
2012,CLE,5.5,133,-170,0.0588,0.4053,0.5947,5.3161,not_tracked,2012-08-30T00:00:00.000000+00:00
2012,DAL,8.5,-160,125,0.0598,0.5806,0.4194,8.6562,not_tracked,2012-08-30T00:00:00.000000+00:00
2012,DEN,8.5,-170,133,0.0588,0.5947,0.4053,8.6839,not_tracked,2012-08-30T00:00:00.000000+00:00
2012,DET,9.0,105,-135,0.0623,0.4592,0.5408,8.9215,not_tracked,2012-08-30T00:00:00.000000+00:00
2012,GB,12.0,160,-200,0.0513,0.3659,0.6341,11.736,not_tracked,2012-08-30T00:00:00.000000+00:00
2012,HOU,10.0,-190,150,0.0552,0.6209,0.3791,10.2368,not_tracked,2012-08-30T00:00:00.000000+00:00
2012,IND,5.5,-105,-125,0.0678,0.4797,0.5203,5.461,not_tracked,2012-08-30T00:00:00.000000+00:00
2012,JAX,5.5,-110,-120,0.0693,0.4899,0.5101,5.4806,not_tracked,2012-08-30T00:00:00.000000+00:00
2012,KC,8.0,125,-160,0.0598,0.4194,0.5806,7.8438,not_tracked,2012-08-30T00:00:00.000000+00:00
2012,LA,6.0,-125,-105,0.0678,0.5203,0.4797,6.039,not_tracked,2012-08-30T00:00:00.000000+00:00
2012,LAC,9.0,130,-165,0.0574,0.4112,0.5888,8.8276,not_tracked,2012-08-30T00:00:00.000000+00:00
2012,LV,7.0,-115,-115,0.0698,0.5,0.5,7.0,not_tracked,2012-08-30T00:00:00.000000+00:00
2012,MIA,7.0,170,-220,0.0579,0.3501,0.6499,6.7031,not_tracked,2012-08-30T00:00:00.000000+00:00
2012,MIN,6.0,-115,-115,0.0698,0.5,0.5,6.0,not_tracked,2012-08-30T00:00:00.000000+00:00
2012,NE,12.0,-115,-115,0.0698,0.5,0.5,12.0,not_tracked,2012-08-30T00:00:00.000000+00:00
2012,NO,9.5,-125,-105,0.0678,0.5203,0.4797,9.539,not_tracked,2012-08-30T00:00:00.000000+00:00
2012,NYG,9.0,-140,110,0.0595,0.5506,0.4494,9.0974,not_tracked,2012-08-30T00:00:00.000000+00:00
2012,NYJ,8.5,125,-160,0.0598,0.4194,0.5806,8.3438,not_tracked,2012-08-30T00:00:00.000000+00:00
2012,PHI,10.0,110,-140,0.0595,0.4494,0.5506,9.9026,not_tracked,2012-08-30T00:00:00.000000+00:00
2012,PIT,10.0,-125,-105,0.0678,0.5203,0.4797,10.039,not_tracked,2012-08-30T00:00:00.000000+00:00
2012,SEA,7.5,-130,100,0.0652,0.5306,0.4694,7.5588,not_tracked,2012-08-30T00:00:00.000000+00:00
2012,SF,10.0,110,-140,0.0595,0.4494,0.5506,9.9026,not_tracked,2012-08-30T00:00:00.000000+00:00
2012,TB,6.0,-140,110,0.0595,0.5506,0.4494,6.0974,not_tracked,2012-08-30T00:00:00.000000+00:00
2012,TEN,7.0,-145,115,0.057,0.5599,0.4401,7.1156,not_tracked,2012-08-30T00:00:00.000000+00:00
2012,WAS,6.5,115,-145,0.057,0.4401,0.5599,6.3844,not_tracked,2012-08-30T00:00:00.000000+00:00
2013,ARI,5.5,-160,125,0.0598,0.5806,0.4194,5.6562,not_tracked,2013-08-30T00:00:00.000000+00:00
2013,ATL,10.0,100,-130,0.0652,0.4694,0.5306,9.9412,not_tracked,2013-08-30T00:00:00.000000+00:00
2013,BAL,8.5,-110,-120,0.0693,0.4899,0.5101,8.4806,not_tracked,2013-08-30T00:00:00.000000+00:00
2013,BUF,6.5,120,-150,0.0545,0.431,0.569,6.3668,not_tracked,2013-08-30T00:00:00.000000+00:00
2013,CAR,7.5,-140,110,0.0595,0.5506,0.4494,7.5974,not_tracked,2013-08-30T00:00:00.000000+00:00
2013,CHI,8.5,-150,120,0.0545,0.569,0.431,8.6332,not_tracked,2013-08-30T00:00:00.000000+00:00
2013,CIN,8.5,-170,133,0.0588,0.5947,0.4053,8.6839,not_tracked,2013-08-30T00:00:00.000000+00:00
2013,CLE,6.5,-125,-105,0.0678,0.5203,0.4797,6.539,not_tracked,2013-08-30T00:00:00.000000+00:00
2013,DAL,8.5,-115,-115,0.0698,0.5,0.5,8.5,not_tracked,2013-08-30T00:00:00.000000+00:00
2013,DEN,11.5,-105,-125,0.0678,0.4797,0.5203,11.461,not_tracked,2013-08-30T00:00:00.000000+00:00
2013,DET,8.0,-150,120,0.0545,0.569,0.431,8.1332,not_tracked,2013-08-30T00:00:00.000000+00:00
2013,GB,10.5,-105,-125,0.0678,0.4797,0.5203,10.461,not_tracked,2013-08-30T00:00:00.000000+00:00
2013,HOU,10.5,125,-160,0.0598,0.4194,0.5806,10.3438,not_tracked,2013-08-30T00:00:00.000000+00:00
2013,IND,8.5,-110,-120,0.0693,0.4899,0.5101,8.4806,not_tracked,2013-08-30T00:00:00.000000+00:00
2013,JAX,5.0,-115,-115,0.0698,0.5,0.5,5.0,not_tracked,2013-08-30T00:00:00.000000+00:00
2013,KC,7.5,-160,-125,0.1709,0.5255,0.4745,7.5491,not_tracked,2013-08-30T00:00:00.000000+00:00
2013,LA,7.5,-120,-110,0.0693,0.5101,0.4899,7.5194,not_tracked,2013-08-30T00:00:00.000000+00:00
2013,LAC,7.5,120,-150,0.0545,0.431,0.569,7.3668,not_tracked,2013-08-30T00:00:00.000000+00:00
2013,LV,5.5,160,-200,0.0513,0.3659,0.6341,5.236,not_tracked,2013-08-30T00:00:00.000000+00:00
2013,MIA,8.0,120,-150,0.0545,0.431,0.569,7.8668,not_tracked,2013-08-30T00:00:00.000000+00:00
2013,MIN,7.0,-105,-125,0.0678,0.4797,0.5203,6.961,not_tracked,2013-08-30T00:00:00.000000+00:00
2013,NE,11.0,130,-165,0.0574,0.4112,0.5888,10.8276,not_tracked,2013-08-30T00:00:00.000000+00:00
2013,NO,9.0,-150,120,0.0545,0.569,0.431,9.1332,not_tracked,2013-08-30T00:00:00.000000+00:00
2013,NYG,9.0,130,-165,0.0574,0.4112,0.5888,8.8276,not_tracked,2013-08-30T00:00:00.000000+00:00
2013,NYJ,6.5,160,-200,0.0513,0.3659,0.6341,6.236,not_tracked,2013-08-30T00:00:00.000000+00:00
2013,PHI,7.5,100,-130,0.0652,0.4694,0.5306,7.4412,not_tracked,2013-08-30T00:00:00.000000+00:00
2013,PIT,9.0,-115,-115,0.0698,0.5,0.5,9.0,not_tracked,2013-08-30T00:00:00.000000+00:00
2013,SEA,10.5,-140,110,0.0595,0.5506,0.4494,10.5974,not_tracked,2013-08-30T00:00:00.000000+00:00
2013,SF,11.5,150,-190,0.0552,0.3791,0.6209,11.2632,not_tracked,2013-08-30T00:00:00.000000+00:00
2013,TB,7.5,-145,115,0.057,0.5599,0.4401,7.6156,not_tracked,2013-08-30T00:00:00.000000+00:00
2013,TEN,6.5,-115,-115,0.0698,0.5,0.5,6.5,not_tracked,2013-08-30T00:00:00.000000+00:00
2013,WAS,8.0,-125,-105,0.0678,0.5203,0.4797,8.039,not_tracked,2013-08-30T00:00:00.000000+00:00
2014,ARI,7.5,-175,155,0.0285,0.6187,0.3813,7.7323,not_tracked,2014-08-30T00:00:00.000000+00:00
2014,ATL,8.5,150,-170,0.0296,0.3885,0.6115,8.2823,not_tracked,2014-08-30T00:00:00.000000+00:00
2014,BAL,8.5,-120,100,0.0455,0.5217,0.4783,8.5418,not_tracked,2014-08-30T00:00:00.000000+00:00
2014,BUF,6.5,-145,125,0.0363,0.5711,0.4289,6.6375,not_tracked,2014-08-30T00:00:00.000000+00:00
2014,CAR,8.0,145,-165,0.0308,0.396,0.604,7.7973,not_tracked,2014-08-30T00:00:00.000000+00:00
2014,CHI,8.5,-150,130,0.0348,0.5798,0.4202,8.6546,not_tracked,2014-08-30T00:00:00.000000+00:00
2014,CIN,9.0,-110,-110,0.0476,0.5,0.5,9.0,not_tracked,2014-08-30T00:00:00.000000+00:00
2014,CLE,6.5,110,-130,0.0414,0.4573,0.5427,6.4177,not_tracked,2014-08-30T00:00:00.000000+00:00
2014,DAL,8.0,230,-270,0.0328,0.2934,0.7066,7.5782,not_tracked,2014-08-30T00:00:00.000000+00:00
2014,DEN,11.5,100,-120,0.0455,0.4783,0.5217,11.4582,not_tracked,2014-08-30T00:00:00.000000+00:00
2014,DET,8.5,110,-130,0.0414,0.4573,0.5427,8.4177,not_tracked,2014-08-30T00:00:00.000000+00:00
2014,GB,10.5,115,-135,0.0396,0.4474,0.5526,10.3987,not_tracked,2014-08-30T00:00:00.000000+00:00
2014,HOU,7.5,-175,155,0.0285,0.6187,0.3813,7.7323,not_tracked,2014-08-30T00:00:00.000000+00:00
2014,IND,9.5,110,-130,0.0414,0.4573,0.5427,9.4177,not_tracked,2014-08-30T00:00:00.000000+00:00
2014,JAX,5.0,-150,130,0.0348,0.5798,0.4202,5.1546,not_tracked,2014-08-30T00:00:00.000000+00:00
2014,KC,8.0,160,-180,0.0275,0.3743,0.6257,7.7535,not_tracked,2014-08-30T00:00:00.000000+00:00
2014,LA,7.0,120,-140,0.0379,0.438,0.562,6.8803,not_tracked,2014-08-30T00:00:00.000000+00:00
2014,LAC,8.0,-135,115,0.0396,0.5526,0.4474,8.1013,not_tracked,2014-08-30T00:00:00.000000+00:00
2014,LV,5.0,-130,110,0.0414,0.5427,0.4573,5.0823,not_tracked,2014-08-30T00:00:00.000000+00:00
2014,MIA,8.0,150,-170,0.0296,0.3885,0.6115,7.7823,not_tracked,2014-08-30T00:00:00.000000+00:00
2014,MIN,6.0,-175,155,0.0285,0.6187,0.3813,6.2323,not_tracked,2014-08-30T00:00:00.000000+00:00
2014,NE,10.5,-180,160,0.0275,0.6257,0.3743,10.7465,not_tracked,2014-08-30T00:00:00.000000+00:00
2014,NO,10.0,-160,140,0.0321,0.5963,0.4037,10.1872,not_tracked,2014-08-30T00:00:00.000000+00:00
2014,NYG,8.0,130,-150,0.0348,0.4202,0.5798,7.8454,not_tracked,2014-08-30T00:00:00.000000+00:00
2014,NYJ,7.0,-125,105,0.0434,0.5325,0.4675,7.0624,not_tracked,2014-08-30T00:00:00.000000+00:00
2014,PHI,9.0,-150,130,0.0348,0.5798,0.4202,9.1546,not_tracked,2014-08-30T00:00:00.000000+00:00
2014,PIT,8.5,-140,120,0.0379,0.562,0.438,8.6197,not_tracked,2014-08-30T00:00:00.000000+00:00
2014,SEA,11.0,-110,-110,0.0476,0.5,0.5,11.0,not_tracked,2014-08-30T00:00:00.000000+00:00
2014,SF,10.5,145,-165,0.0308,0.396,0.604,10.2973,not_tracked,2014-08-30T00:00:00.000000+00:00
2014,TB,7.0,-120,100,0.0455,0.5217,0.4783,7.0418,not_tracked,2014-08-30T00:00:00.000000+00:00
2014,TEN,7.0,-140,120,0.0379,0.562,0.438,7.1197,not_tracked,2014-08-30T00:00:00.000000+00:00
2014,WAS,7.5,-120,100,0.0455,0.5217,0.4783,7.5418,not_tracked,2014-08-30T00:00:00.000000+00:00
2015,ARI,8.5,120,-140,0.0379,0.438,0.562,8.3803,not_tracked,2015-08-30T00:00:00.000000+00:00
2015,ATL,8.5,-110,-110,0.0476,0.5,0.5,8.5,not_tracked,2015-08-30T00:00:00.000000+00:00
2015,BAL,9.0,-140,120,0.0379,0.562,0.438,9.1197,not_tracked,2015-08-30T00:00:00.000000+00:00
2015,BUF,8.5,130,-150,0.0348,0.4202,0.5798,8.3454,not_tracked,2015-08-30T00:00:00.000000+00:00
2015,CAR,8.5,150,-170,0.0296,0.3885,0.6115,8.2823,not_tracked,2015-08-30T00:00:00.000000+00:00
2015,CHI,6.5,100,-120,0.0455,0.4783,0.5217,6.4582,not_tracked,2015-08-30T00:00:00.000000+00:00
2015,CIN,8.5,100,-120,0.0455,0.4783,0.5217,8.4582,not_tracked,2015-08-30T00:00:00.000000+00:00
2015,CLE,6.5,155,-175,0.0285,0.3813,0.6187,6.2677,not_tracked,2015-08-30T00:00:00.000000+00:00
2015,DAL,9.5,110,-130,0.0414,0.4573,0.5427,9.4177,not_tracked,2015-08-30T00:00:00.000000+00:00
2015,DEN,10.0,-140,120,0.0379,0.562,0.438,10.1197,not_tracked,2015-08-30T00:00:00.000000+00:00
2015,DET,8.5,130,-150,0.0348,0.4202,0.5798,8.3454,not_tracked,2015-08-30T00:00:00.000000+00:00
2015,GB,11.0,140,-160,0.0321,0.4037,0.5963,10.8128,not_tracked,2015-08-30T00:00:00.000000+00:00
2015,HOU,8.5,100,-120,0.0455,0.4783,0.5217,8.4582,not_tracked,2015-08-30T00:00:00.000000+00:00
2015,IND,10.5,-160,140,0.0321,0.5963,0.4037,10.6872,not_tracked,2015-08-30T00:00:00.000000+00:00
2015,JAX,5.5,-120,100,0.0455,0.5217,0.4783,5.5418,not_tracked,2015-08-30T00:00:00.000000+00:00
2015,KC,8.5,-150,130,0.0348,0.5798,0.4202,8.6546,not_tracked,2015-08-30T00:00:00.000000+00:00
2015,LA,7.5,-110,-110,0.0476,0.5,0.5,7.5,not_tracked,2015-08-30T00:00:00.000000+00:00
2015,LAC,8.0,-160,140,0.0321,0.5963,0.4037,8.1872,not_tracked,2015-08-30T00:00:00.000000+00:00
2015,LV,5.5,-160,140,0.0321,0.5963,0.4037,5.6872,not_tracked,2015-08-30T00:00:00.000000+00:00
2015,MIA,9.0,-160,140,0.0321,0.5963,0.4037,9.1872,not_tracked,2015-08-30T00:00:00.000000+00:00
2015,MIN,8.0,-150,130,0.0348,0.5798,0.4202,8.1546,not_tracked,2015-08-30T00:00:00.000000+00:00
2015,NE,10.5,-130,110,0.0414,0.5427,0.4573,10.5823,not_tracked,2015-08-30T00:00:00.000000+00:00
2015,NO,8.5,-130,110,0.0414,0.5427,0.4573,8.5823,not_tracked,2015-08-30T00:00:00.000000+00:00
2015,NYG,8.0,150,-170,0.0296,0.3885,0.6115,7.7823,not_tracked,2015-08-30T00:00:00.000000+00:00
2015,NYJ,7.5,110,-130,0.0414,0.4573,0.5427,7.4177,not_tracked,2015-08-30T00:00:00.000000+00:00
2015,PHI,10.0,-130,110,0.0414,0.5427,0.4573,10.0823,not_tracked,2015-08-30T00:00:00.000000+00:00
2015,PIT,8.5,-110,-110,0.0476,0.5,0.5,8.5,not_tracked,2015-08-30T00:00:00.000000+00:00
2015,SEA,11.0,-120,100,0.0455,0.5217,0.4783,11.0418,not_tracked,2015-08-30T00:00:00.000000+00:00
2015,SF,6.5,155,-175,0.0285,0.3813,0.6187,6.2677,not_tracked,2015-08-30T00:00:00.000000+00:00
2015,TB,6.0,-150,130,0.0348,0.5798,0.4202,6.1546,not_tracked,2015-08-30T00:00:00.000000+00:00
2015,TEN,5.5,-200,180,0.0238,0.6512,0.3488,5.7996,not_tracked,2015-08-30T00:00:00.000000+00:00
2015,WAS,6.0,-130,110,0.0414,0.5427,0.4573,6.0823,not_tracked,2015-08-30T00:00:00.000000+00:00
2016,ARI,10.0,-170,150,0.0296,0.6115,0.3885,10.2177,not_tracked,2016-08-30T00:00:00.000000+00:00
2016,ATL,7.0,-130,110,0.0414,0.5427,0.4573,7.0823,not_tracked,2016-08-30T00:00:00.000000+00:00
2016,BAL,8.5,-110,-110,0.0476,0.5,0.5,8.5,not_tracked,2016-08-30T00:00:00.000000+00:00
2016,BUF,8.0,130,-150,0.0348,0.4202,0.5798,7.8454,not_tracked,2016-08-30T00:00:00.000000+00:00
2016,CAR,10.5,120,-140,0.0379,0.438,0.562,10.3803,not_tracked,2016-08-30T00:00:00.000000+00:00
2016,CHI,7.5,145,-165,0.0308,0.396,0.604,7.2973,not_tracked,2016-08-30T00:00:00.000000+00:00
2016,CIN,9.5,100,-120,0.0455,0.4783,0.5217,9.4582,not_tracked,2016-08-30T00:00:00.000000+00:00
2016,CLE,4.5,-150,130,0.0348,0.5798,0.4202,4.6546,not_tracked,2016-08-30T00:00:00.000000+00:00
2016,DAL,8.5,110,-130,0.0414,0.4573,0.5427,8.4177,not_tracked,2016-08-30T00:00:00.000000+00:00
2016,DEN,9.5,130,-150,0.0348,0.4202,0.5798,9.3454,not_tracked,2016-08-30T00:00:00.000000+00:00
2016,DET,7.0,-150,130,0.0348,0.5798,0.4202,7.1546,not_tracked,2016-08-30T00:00:00.000000+00:00
2016,GB,10.5,-170,150,0.0296,0.6115,0.3885,10.7177,not_tracked,2016-08-30T00:00:00.000000+00:00
2016,HOU,8.5,-120,100,0.0455,0.5217,0.4783,8.5418,not_tracked,2016-08-30T00:00:00.000000+00:00
2016,IND,9.0,120,-140,0.0379,0.438,0.562,8.8803,not_tracked,2016-08-30T00:00:00.000000+00:00
2016,JAX,7.5,-125,105,0.0434,0.5325,0.4675,7.5624,not_tracked,2016-08-30T00:00:00.000000+00:00
2016,KC,9.5,-140,120,0.0379,0.562,0.438,9.6197,not_tracked,2016-08-30T00:00:00.000000+00:00
2016,LA,7.5,175,-200,0.0303,0.3529,0.6471,7.2091,not_tracked,2016-08-30T00:00:00.000000+00:00
2016,LAC,7.0,-185,165,0.0265,0.6324,0.3676,7.2603,not_tracked,2016-08-30T00:00:00.000000+00:00
2016,LV,8.5,-110,-110,0.0476,0.5,0.5,8.5,not_tracked,2016-08-30T00:00:00.000000+00:00
2016,MIA,7.0,120,-140,0.0379,0.438,0.562,6.8803,not_tracked,2016-08-30T00:00:00.000000+00:00
2016,MIN,8.5,115,-135,0.0396,0.4474,0.5526,8.3987,not_tracked,2016-08-30T00:00:00.000000+00:00
2016,NE,10.5,-120,100,0.0455,0.5217,0.4783,10.5418,not_tracked,2016-08-30T00:00:00.000000+00:00
2016,NO,7.0,-140,120,0.0379,0.562,0.438,7.1197,not_tracked,2016-08-30T00:00:00.000000+00:00
2016,NYG,8.5,100,-120,0.0455,0.4783,0.5217,8.4582,not_tracked,2016-08-30T00:00:00.000000+00:00
2016,NYJ,8.0,150,-170,0.0296,0.3885,0.6115,7.7823,not_tracked,2016-08-30T00:00:00.000000+00:00
2016,PHI,6.5,130,-150,0.0348,0.4202,0.5798,6.3454,not_tracked,2016-08-30T00:00:00.000000+00:00
2016,PIT,10.5,110,-130,0.0414,0.4573,0.5427,10.4177,not_tracked,2016-08-30T00:00:00.000000+00:00
2016,SEA,10.5,-145,125,0.0363,0.5711,0.4289,10.6375,not_tracked,2016-08-30T00:00:00.000000+00:00
2016,SF,5.5,110,-130,0.0414,0.4573,0.5427,5.4177,not_tracked,2016-08-30T00:00:00.000000+00:00
2016,TB,7.0,-140,120,0.0379,0.562,0.438,7.1197,not_tracked,2016-08-30T00:00:00.000000+00:00
2016,TEN,6.0,-150,130,0.0348,0.5798,0.4202,6.1546,not_tracked,2016-08-30T00:00:00.000000+00:00
2016,WAS,7.5,-120,100,0.0455,0.5217,0.4783,7.5418,not_tracked,2016-08-30T00:00:00.000000+00:00
2017,ARI,8.5,-160,140,0.0321,0.5963,0.4037,8.6872,not_tracked,2017-08-30T00:00:00.000000+00:00
2017,ATL,9.5,-110,-110,0.0476,0.5,0.5,9.5,not_tracked,2017-08-30T00:00:00.000000+00:00
2017,BAL,8.5,130,-150,0.0348,0.4202,0.5798,8.3454,not_tracked,2017-08-30T00:00:00.000000+00:00
2017,BUF,6.5,130,-150,0.0348,0.4202,0.5798,6.3454,not_tracked,2017-08-30T00:00:00.000000+00:00
2017,CAR,9.0,-120,100,0.0455,0.5217,0.4783,9.0418,not_tracked,2017-08-30T00:00:00.000000+00:00
2017,CHI,5.5,105,-125,0.0434,0.4675,0.5325,5.4376,not_tracked,2017-08-30T00:00:00.000000+00:00
2017,CIN,8.5,120,-140,0.0379,0.438,0.562,8.3803,not_tracked,2017-08-30T00:00:00.000000+00:00
2017,CLE,4.5,-180,150,0.0429,0.6164,0.3836,4.7277,not_tracked,2017-08-30T00:00:00.000000+00:00
2017,DAL,9.5,120,-140,0.0379,0.438,0.562,9.3803,not_tracked,2017-08-30T00:00:00.000000+00:00
2017,DEN,8.0,100,-120,0.0455,0.4783,0.5217,7.9582,not_tracked,2017-08-30T00:00:00.000000+00:00
2017,DET,7.5,120,-140,0.0379,0.438,0.562,7.3803,not_tracked,2017-08-30T00:00:00.000000+00:00
2017,GB,10.5,120,-140,0.0379,0.438,0.562,10.3803,not_tracked,2017-08-30T00:00:00.000000+00:00
2017,HOU,8.5,100,-120,0.0455,0.4783,0.5217,8.4582,not_tracked,2017-08-30T00:00:00.000000+00:00
2017,IND,8.0,130,-150,0.0348,0.4202,0.5798,7.8454,not_tracked,2017-08-30T00:00:00.000000+00:00
2017,JAX,6.5,-125,105,0.0434,0.5325,0.4675,6.5624,not_tracked,2017-08-30T00:00:00.000000+00:00
2017,KC,9.0,-120,100,0.0455,0.5217,0.4783,9.0418,not_tracked,2017-08-30T00:00:00.000000+00:00
2017,LA,6.0,140,-160,0.0321,0.4037,0.5963,5.8128,not_tracked,2017-08-30T00:00:00.000000+00:00
2017,LAC,7.5,-160,140,0.0321,0.5963,0.4037,7.6872,not_tracked,2017-08-30T00:00:00.000000+00:00
2017,LV,9.5,100,-120,0.0455,0.4783,0.5217,9.4582,not_tracked,2017-08-30T00:00:00.000000+00:00
2017,MIA,7.0,-130,110,0.0414,0.5427,0.4573,7.0823,not_tracked,2017-08-30T00:00:00.000000+00:00
2017,MIN,8.5,-130,110,0.0414,0.5427,0.4573,8.5823,not_tracked,2017-08-30T00:00:00.000000+00:00
2017,NE,12.5,100,-120,0.0455,0.4783,0.5217,12.4582,not_tracked,2017-08-30T00:00:00.000000+00:00
2017,NO,8.0,100,-120,0.0455,0.4783,0.5217,7.9582,not_tracked,2017-08-30T00:00:00.000000+00:00
2017,NYG,9.0,-130,110,0.0414,0.5427,0.4573,9.0823,not_tracked,2017-08-30T00:00:00.000000+00:00
2017,NYJ,3.5,125,-145,0.0363,0.4289,0.5711,3.3625,not_tracked,2017-08-30T00:00:00.000000+00:00
2017,PHI,8.5,-120,100,0.0455,0.5217,0.4783,8.5418,not_tracked,2017-08-30T00:00:00.000000+00:00
2017,PIT,10.5,-150,130,0.0348,0.5798,0.4202,10.6546,not_tracked,2017-08-30T00:00:00.000000+00:00
2017,SEA,10.5,-130,110,0.0414,0.5427,0.4573,10.5823,not_tracked,2017-08-30T00:00:00.000000+00:00
2017,SF,5.0,100,-120,0.0455,0.4783,0.5217,4.9582,not_tracked,2017-08-30T00:00:00.000000+00:00
2017,TB,8.5,-120,100,0.0455,0.5217,0.4783,8.5418,not_tracked,2017-08-30T00:00:00.000000+00:00
2017,TEN,9.0,-110,-110,0.0476,0.5,0.5,9.0,not_tracked,2017-08-30T00:00:00.000000+00:00
2017,WAS,7.5,120,-140,0.0379,0.438,0.562,7.3803,not_tracked,2017-08-30T00:00:00.000000+00:00
2018,ARI,6.0,-130,110,0.0414,0.5427,0.4573,6.0823,not_tracked,2018-08-30T00:00:00.000000+00:00
2018,ATL,9.5,-120,100,0.0455,0.5217,0.4783,9.5418,not_tracked,2018-08-30T00:00:00.000000+00:00
2018,BAL,8.5,-120,100,0.0455,0.5217,0.4783,8.5418,not_tracked,2018-08-30T00:00:00.000000+00:00
2018,BUF,5.5,120,-140,0.0379,0.438,0.562,5.3803,not_tracked,2018-08-30T00:00:00.000000+00:00
2018,CAR,8.5,110,-130,0.0414,0.4573,0.5427,8.4177,not_tracked,2018-08-30T00:00:00.000000+00:00
2018,CHI,7.5,115,-135,0.0396,0.4474,0.5526,7.3987,not_tracked,2018-08-30T00:00:00.000000+00:00
2018,CIN,7.0,-135,115,0.0396,0.5526,0.4474,7.1013,not_tracked,2018-08-30T00:00:00.000000+00:00
2018,CLE,6.0,100,-120,0.0455,0.4783,0.5217,5.9582,not_tracked,2018-08-30T00:00:00.000000+00:00
2018,DAL,8.5,120,-140,0.0379,0.438,0.562,8.3803,not_tracked,2018-08-30T00:00:00.000000+00:00
2018,DEN,7.0,-180,150,0.0429,0.6164,0.3836,7.2277,not_tracked,2018-08-30T00:00:00.000000+00:00
2018,DET,7.5,-110,-110,0.0476,0.5,0.5,7.5,not_tracked,2018-08-30T00:00:00.000000+00:00
2018,GB,10.0,-120,100,0.0455,0.5217,0.4783,10.0418,not_tracked,2018-08-30T00:00:00.000000+00:00
2018,HOU,8.5,-140,120,0.0379,0.562,0.438,8.6197,not_tracked,2018-08-30T00:00:00.000000+00:00
2018,IND,7.5,110,-130,0.0414,0.4573,0.5427,7.4177,not_tracked,2018-08-30T00:00:00.000000+00:00
2018,JAX,9.0,-130,110,0.0414,0.5427,0.4573,9.0823,not_tracked,2018-08-30T00:00:00.000000+00:00
2018,KC,8.5,115,-135,0.0396,0.4474,0.5526,8.3987,not_tracked,2018-08-30T00:00:00.000000+00:00
2018,LA,10.0,-130,110,0.0414,0.5427,0.4573,10.0823,not_tracked,2018-08-30T00:00:00.000000+00:00
2018,LAC,9.5,-130,110,0.0414,0.5427,0.4573,9.5823,not_tracked,2018-08-30T00:00:00.000000+00:00
2018,LV,7.5,120,-140,0.0379,0.438,0.562,7.3803,not_tracked,2018-08-30T00:00:00.000000+00:00
2018,MIA,6.5,-140,120,0.0379,0.562,0.438,6.6197,not_tracked,2018-08-30T00:00:00.000000+00:00
2018,MIN,10.0,-140,120,0.0379,0.562,0.438,10.1197,not_tracked,2018-08-30T00:00:00.000000+00:00
2018,NE,11.0,-120,100,0.0455,0.5217,0.4783,11.0418,not_tracked,2018-08-30T00:00:00.000000+00:00
2018,NO,9.5,-140,120,0.0379,0.562,0.438,9.6197,not_tracked,2018-08-30T00:00:00.000000+00:00
2018,NYG,7.0,-140,120,0.0379,0.562,0.438,7.1197,not_tracked,2018-08-30T00:00:00.000000+00:00
2018,NYJ,6.0,110,-130,0.0414,0.4573,0.5427,5.9177,not_tracked,2018-08-30T00:00:00.000000+00:00
2018,PHI,10.5,130,-150,0.0348,0.4202,0.5798,10.3454,not_tracked,2018-08-30T00:00:00.000000+00:00
2018,PIT,10.5,125,-145,0.0363,0.4289,0.5711,10.3625,not_tracked,2018-08-30T00:00:00.000000+00:00
2018,SEA,7.5,100,-120,0.0455,0.4783,0.5217,7.4582,not_tracked,2018-08-30T00:00:00.000000+00:00
2018,SF,8.5,130,-150,0.0348,0.4202,0.5798,8.3454,not_tracked,2018-08-30T00:00:00.000000+00:00
2018,TB,6.5,130,-150,0.0348,0.4202,0.5798,6.3454,not_tracked,2018-08-30T00:00:00.000000+00:00
2018,TEN,8.0,-110,-110,0.0476,0.5,0.5,8.0,not_tracked,2018-08-30T00:00:00.000000+00:00
2018,WAS,7.0,-130,110,0.0414,0.5427,0.4573,7.0823,not_tracked,2018-08-30T00:00:00.000000+00:00
2019,ARI,5.0,-120,100,0.0455,0.5217,0.4783,5.0418,not_tracked,2019-08-30T00:00:00.000000+00:00
2019,ATL,8.5,-140,120,0.0379,0.562,0.438,8.6197,not_tracked,2019-08-30T00:00:00.000000+00:00
2019,BAL,8.5,110,-130,0.0414,0.4573,0.5427,8.4177,not_tracked,2019-08-30T00:00:00.000000+00:00
2019,BUF,7.0,-140,120,0.0379,0.562,0.438,7.1197,not_tracked,2019-08-30T00:00:00.000000+00:00
2019,CAR,8.0,-130,110,0.0414,0.5427,0.4573,8.0823,not_tracked,2019-08-30T00:00:00.000000+00:00
2019,CHI,9.0,-140,120,0.0379,0.562,0.438,9.1197,not_tracked,2019-08-30T00:00:00.000000+00:00
2019,CIN,6.0,130,-150,0.0348,0.4202,0.5798,5.8454,not_tracked,2019-08-30T00:00:00.000000+00:00
2019,CLE,9.0,100,-120,0.0455,0.4783,0.5217,8.9582,not_tracked,2019-08-30T00:00:00.000000+00:00
2019,DAL,9.0,-110,-110,0.0476,0.5,0.5,9.0,not_tracked,2019-08-30T00:00:00.000000+00:00
2019,DEN,7.0,-130,110,0.0414,0.5427,0.4573,7.0823,not_tracked,2019-08-30T00:00:00.000000+00:00
2019,DET,6.5,-150,130,0.0348,0.5798,0.4202,6.6546,not_tracked,2019-08-30T00:00:00.000000+00:00
2019,GB,9.0,-140,120,0.0379,0.562,0.438,9.1197,not_tracked,2019-08-30T00:00:00.000000+00:00
2019,HOU,8.5,-115,-105,0.0471,0.5108,0.4892,8.5208,not_tracked,2019-08-30T00:00:00.000000+00:00
2019,IND,7.5,-110,-110,0.0476,0.5,0.5,7.5,not_tracked,2019-08-30T00:00:00.000000+00:00
2019,JAX,8.0,-110,-110,0.0476,0.5,0.5,8.0,not_tracked,2019-08-30T00:00:00.000000+00:00
2019,KC,10.5,-130,110,0.0414,0.5427,0.4573,10.5823,not_tracked,2019-08-30T00:00:00.000000+00:00
2019,LA,10.5,125,-145,0.0363,0.4289,0.5711,10.3625,not_tracked,2019-08-30T00:00:00.000000+00:00
2019,LAC,10.0,120,-140,0.0379,0.438,0.562,9.8803,not_tracked,2019-08-30T00:00:00.000000+00:00
2019,LV,6.0,145,-170,0.0378,0.3933,0.6067,5.792,not_tracked,2019-08-30T00:00:00.000000+00:00
2019,MIA,4.5,100,-120,0.0455,0.4783,0.5217,4.4582,not_tracked,2019-08-30T00:00:00.000000+00:00
2019,MIN,9.0,-125,105,0.0434,0.5325,0.4675,9.0624,not_tracked,2019-08-30T00:00:00.000000+00:00
2019,NE,11.5,-110,-110,0.0476,0.5,0.5,11.5,not_tracked,2019-08-30T00:00:00.000000+00:00
2019,NO,10.5,130,-150,0.0348,0.4202,0.5798,10.3454,not_tracked,2019-08-30T00:00:00.000000+00:00
2019,NYG,6.0,105,-125,0.0434,0.4675,0.5325,5.9376,not_tracked,2019-08-30T00:00:00.000000+00:00
2019,NYJ,7.5,-110,-110,0.0476,0.5,0.5,7.5,not_tracked,2019-08-30T00:00:00.000000+00:00
2019,PHI,10.0,-150,130,0.0348,0.5798,0.4202,10.1546,not_tracked,2019-08-30T00:00:00.000000+00:00
2019,PIT,9.5,-110,-110,0.0476,0.5,0.5,9.5,not_tracked,2019-08-30T00:00:00.000000+00:00
2019,SEA,9.0,100,-120,0.0455,0.4783,0.5217,8.9582,not_tracked,2019-08-30T00:00:00.000000+00:00
2019,SF,8.0,-140,120,0.0379,0.562,0.438,8.1197,not_tracked,2019-08-30T00:00:00.000000+00:00
2019,TB,6.5,-110,-110,0.0476,0.5,0.5,6.5,not_tracked,2019-08-30T00:00:00.000000+00:00
2019,TEN,8.0,120,-140,0.0379,0.438,0.562,7.8803,not_tracked,2019-08-30T00:00:00.000000+00:00
2019,WAS,6.0,130,-150,0.0348,0.4202,0.5798,5.8454,not_tracked,2019-08-30T00:00:00.000000+00:00
2020,ARI,7.5,-120,-110,0.0693,0.5101,0.4899,7.5194,not_tracked,2020-08-30T00:00:00.000000+00:00
2020,ATL,7.5,-130,100,0.0652,0.5306,0.4694,7.5588,not_tracked,2020-08-30T00:00:00.000000+00:00
2020,BAL,11.5,-115,-115,0.0698,0.5,0.5,11.5,not_tracked,2020-08-30T00:00:00.000000+00:00
2020,BUF,9.0,-140,110,0.0595,0.5506,0.4494,9.0974,not_tracked,2020-08-30T00:00:00.000000+00:00
2020,CAR,5.5,-110,-120,0.0693,0.4899,0.5101,5.4806,not_tracked,2020-08-30T00:00:00.000000+00:00
2020,CHI,8.5,130,-160,0.0502,0.414,0.586,8.3333,not_tracked,2020-08-30T00:00:00.000000+00:00
2020,CIN,5.5,-120,-110,0.0693,0.5101,0.4899,5.5194,not_tracked,2020-08-30T00:00:00.000000+00:00
2020,CLE,8.5,-135,105,0.0623,0.5408,0.4592,8.5785,not_tracked,2020-08-30T00:00:00.000000+00:00
2020,DAL,9.5,-115,125,-0.0207,0.5462,0.4538,9.5889,not_tracked,2020-08-30T00:00:00.000000+00:00
2020,DEN,7.5,-135,105,0.0623,0.5408,0.4592,7.5785,not_tracked,2020-08-30T00:00:00.000000+00:00
2020,DET,6.5,-130,100,0.0652,0.5306,0.4694,6.5588,not_tracked,2020-08-30T00:00:00.000000+00:00
2020,GB,9.0,-125,-105,0.0678,0.5203,0.4797,9.039,not_tracked,2020-08-30T00:00:00.000000+00:00
2020,HOU,7.5,-110,-120,0.0693,0.4899,0.5101,7.4806,not_tracked,2020-08-30T00:00:00.000000+00:00
2020,IND,9.0,-125,-105,0.0678,0.5203,0.4797,9.039,not_tracked,2020-08-30T00:00:00.000000+00:00
2020,JAX,4.5,-120,-110,0.0693,0.5101,0.4899,4.5194,not_tracked,2020-08-30T00:00:00.000000+00:00
2020,KC,11.5,-145,115,0.057,0.5599,0.4401,11.6156,not_tracked,2020-08-30T00:00:00.000000+00:00
2020,LA,8.5,-105,-125,0.0678,0.4797,0.5203,8.461,not_tracked,2020-08-30T00:00:00.000000+00:00
2020,LAC,7.5,-130,100,0.0652,0.5306,0.4694,7.5588,not_tracked,2020-08-30T00:00:00.000000+00:00
2020,LV,7.5,-105,-125,0.0678,0.4797,0.5203,7.461,not_tracked,2020-08-30T00:00:00.000000+00:00
2020,MIA,6.5,-110,-120,0.0693,0.4899,0.5101,6.4806,not_tracked,2020-08-30T00:00:00.000000+00:00
2020,MIN,9.0,-105,-125,0.0678,0.4797,0.5203,8.961,not_tracked,2020-08-30T00:00:00.000000+00:00
2020,NE,9.0,100,-130,0.0652,0.4694,0.5306,8.9412,not_tracked,2020-08-30T00:00:00.000000+00:00
2020,NO,10.5,-115,-115,0.0698,0.5,0.5,10.5,not_tracked,2020-08-30T00:00:00.000000+00:00
2020,NYG,6.5,100,-130,0.0652,0.4694,0.5306,6.4412,not_tracked,2020-08-30T00:00:00.000000+00:00
2020,NYJ,7.0,-140,110,0.0595,0.5506,0.4494,7.0974,not_tracked,2020-08-30T00:00:00.000000+00:00
2020,PHI,9.5,-125,-105,0.0678,0.5203,0.4797,9.539,not_tracked,2020-08-30T00:00:00.000000+00:00
2020,PIT,9.5,110,-140,0.0595,0.4494,0.5506,9.4026,not_tracked,2020-08-30T00:00:00.000000+00:00
2020,SEA,9.0,-140,110,0.0595,0.5506,0.4494,9.0974,not_tracked,2020-08-30T00:00:00.000000+00:00
2020,SF,10.5,-125,-105,0.0678,0.5203,0.4797,10.539,not_tracked,2020-08-30T00:00:00.000000+00:00
2020,TB,9.5,-140,110,0.0595,0.5506,0.4494,9.5974,not_tracked,2020-08-30T00:00:00.000000+00:00
2020,TEN,8.5,-125,-105,0.0678,0.5203,0.4797,8.539,not_tracked,2020-08-30T00:00:00.000000+00:00
2020,WAS,5.5,100,-130,0.0652,0.4694,0.5306,5.4412,not_tracked,2020-08-30T00:00:00.000000+00:00
2021,ARI,8.0,-140,120,0.0379,0.562,0.438,8.1197,not_tracked,2021-08-30T00:00:00.000000+00:00
2021,ATL,7.0,-115,-105,0.0471,0.5108,0.4892,7.0208,not_tracked,2021-08-30T00:00:00.000000+00:00
2021,BAL,11.0,-105,-115,0.0471,0.4892,0.5108,10.9792,not_tracked,2021-08-30T00:00:00.000000+00:00
2021,BUF,10.5,-130,110,0.0414,0.5427,0.4573,10.5823,not_tracked,2021-08-30T00:00:00.000000+00:00
2021,CAR,7.5,110,-130,0.0414,0.4573,0.5427,7.4177,not_tracked,2021-08-30T00:00:00.000000+00:00
2021,CHI,7.5,105,-125,0.0434,0.4675,0.5325,7.4376,not_tracked,2021-08-30T00:00:00.000000+00:00
2021,CIN,6.5,-105,-115,0.0471,0.4892,0.5108,6.4792,not_tracked,2021-08-30T00:00:00.000000+00:00
2021,CLE,10.0,-115,-105,0.0471,0.5108,0.4892,10.0208,not_tracked,2021-08-30T00:00:00.000000+00:00
2021,DAL,9.5,110,-130,0.0414,0.4573,0.5427,9.4177,not_tracked,2021-08-30T00:00:00.000000+00:00
2021,DEN,7.5,105,-125,0.0434,0.4675,0.5325,7.4376,not_tracked,2021-08-30T00:00:00.000000+00:00
2021,DET,5.0,-130,110,0.0414,0.5427,0.4573,5.0823,not_tracked,2021-08-30T00:00:00.000000+00:00
2021,GB,11.0,105,-125,0.0434,0.4675,0.5325,10.9376,not_tracked,2021-08-30T00:00:00.000000+00:00
2021,HOU,5.0,110,-130,0.0414,0.4573,0.5427,4.9177,not_tracked,2021-08-30T00:00:00.000000+00:00
2021,IND,10.0,-110,-110,0.0476,0.5,0.5,10.0,not_tracked,2021-08-30T00:00:00.000000+00:00
2021,JAX,6.0,-120,110,0.0216,0.5339,0.4661,6.0652,not_tracked,2021-08-30T00:00:00.000000+00:00
2021,KC,12.0,-130,110,0.0414,0.5427,0.4573,12.0823,not_tracked,2021-08-30T00:00:00.000000+00:00
2021,LA,10.5,105,-125,0.0434,0.4675,0.5325,10.4376,not_tracked,2021-08-30T00:00:00.000000+00:00
2021,LAC,9.0,105,-125,0.0434,0.4675,0.5325,8.9376,not_tracked,2021-08-30T00:00:00.000000+00:00
2021,LV,8.0,115,-135,0.0396,0.4474,0.5526,7.8987,not_tracked,2021-08-30T00:00:00.000000+00:00
2021,MIA,9.0,-135,115,0.0396,0.5526,0.4474,9.1013,not_tracked,2021-08-30T00:00:00.000000+00:00
2021,MIN,8.5,-115,-105,0.0471,0.5108,0.4892,8.5208,not_tracked,2021-08-30T00:00:00.000000+00:00
2021,NE,9.0,-125,105,0.0434,0.5325,0.4675,9.0624,not_tracked,2021-08-30T00:00:00.000000+00:00
2021,NO,9.5,120,-140,0.0379,0.438,0.562,9.3803,not_tracked,2021-08-30T00:00:00.000000+00:00
2021,NYG,7.0,-110,-110,0.0476,0.5,0.5,7.0,not_tracked,2021-08-30T00:00:00.000000+00:00
2021,NYJ,6.0,-130,110,0.0414,0.5427,0.4573,6.0823,not_tracked,2021-08-30T00:00:00.000000+00:00
2021,PHI,7.0,105,-125,0.0434,0.4675,0.5325,6.9376,not_tracked,2021-08-30T00:00:00.000000+00:00
2021,PIT,9.0,105,-125,0.0434,0.4675,0.5325,8.9376,not_tracked,2021-08-30T00:00:00.000000+00:00
2021,SEA,10.0,105,-125,0.0434,0.4675,0.5325,9.9376,not_tracked,2021-08-30T00:00:00.000000+00:00
2021,SF,10.0,-140,120,0.0379,0.562,0.438,10.1197,not_tracked,2021-08-30T00:00:00.000000+00:00
2021,TB,11.5,100,-120,0.0455,0.4783,0.5217,11.4582,not_tracked,2021-08-30T00:00:00.000000+00:00
2021,TEN,9.5,110,-130,0.0414,0.4573,0.5427,9.4177,not_tracked,2021-08-30T00:00:00.000000+00:00
2021,WAS,8.0,-105,-115,0.0471,0.4892,0.5108,7.9792,not_tracked,2021-08-30T00:00:00.000000+00:00
2022,ARI,9.0,120,-140,0.0379,0.438,0.562,8.8803,not_tracked,2022-08-30T00:00:00.000000+00:00
2022,ATL,5.0,125,-145,0.0363,0.4289,0.5711,4.8625,not_tracked,2022-08-30T00:00:00.000000+00:00
2022,BAL,9.5,-145,125,0.0363,0.5711,0.4289,9.6375,not_tracked,2022-08-30T00:00:00.000000+00:00
2022,BUF,11.5,-140,120,0.0379,0.562,0.438,11.6197,not_tracked,2022-08-30T00:00:00.000000+00:00
2022,CAR,6.5,100,-120,0.0455,0.4783,0.5217,6.4582,not_tracked,2022-08-30T00:00:00.000000+00:00
2022,CHI,6.5,130,-150,0.0348,0.4202,0.5798,6.3454,not_tracked,2022-08-30T00:00:00.000000+00:00
2022,CIN,9.5,-135,115,0.0396,0.5526,0.4474,9.6013,not_tracked,2022-08-30T00:00:00.000000+00:00
2022,CLE,9.5,110,-130,0.0414,0.4573,0.5427,9.4177,not_tracked,2022-08-30T00:00:00.000000+00:00
2022,DAL,10.5,125,-145,0.0363,0.4289,0.5711,10.3625,not_tracked,2022-08-30T00:00:00.000000+00:00
2022,DEN,10.0,-110,-110,0.0476,0.5,0.5,10.0,not_tracked,2022-08-30T00:00:00.000000+00:00
2022,DET,6.0,-160,140,0.0321,0.5963,0.4037,6.1872,not_tracked,2022-08-30T00:00:00.000000+00:00
2022,GB,11.0,-110,-110,0.0476,0.5,0.5,11.0,not_tracked,2022-08-30T00:00:00.000000+00:00
2022,HOU,4.5,100,-120,0.0455,0.4783,0.5217,4.4582,not_tracked,2022-08-30T00:00:00.000000+00:00
2022,IND,9.5,-145,125,0.0363,0.5711,0.4289,9.6375,not_tracked,2022-08-30T00:00:00.000000+00:00
2022,JAX,6.5,115,-135,0.0396,0.4474,0.5526,6.3987,not_tracked,2022-08-30T00:00:00.000000+00:00
2022,KC,10.5,-115,-105,0.0471,0.5108,0.4892,10.5208,not_tracked,2022-08-30T00:00:00.000000+00:00
2022,LA,10.5,-110,-110,0.0476,0.5,0.5,10.5,not_tracked,2022-08-30T00:00:00.000000+00:00
2022,LAC,10.0,-130,110,0.0414,0.5427,0.4573,10.0823,not_tracked,2022-08-30T00:00:00.000000+00:00
2022,LV,8.5,-130,110,0.0414,0.5427,0.4573,8.5823,not_tracked,2022-08-30T00:00:00.000000+00:00
2022,MIA,8.5,-135,115,0.0396,0.5526,0.4474,8.6013,not_tracked,2022-08-30T00:00:00.000000+00:00
2022,MIN,9.0,-135,115,0.0396,0.5526,0.4474,9.1013,not_tracked,2022-08-30T00:00:00.000000+00:00
2022,NE,8.5,-130,110,0.0414,0.5427,0.4573,8.5823,not_tracked,2022-08-30T00:00:00.000000+00:00
2022,NO,8.0,-160,140,0.0321,0.5963,0.4037,8.1872,not_tracked,2022-08-30T00:00:00.000000+00:00
2022,NYG,7.0,105,-125,0.0434,0.4675,0.5325,6.9376,not_tracked,2022-08-30T00:00:00.000000+00:00
2022,NYJ,5.5,-175,150,0.0364,0.614,0.386,5.7228,not_tracked,2022-08-30T00:00:00.000000+00:00
2022,PHI,9.5,-140,120,0.0379,0.562,0.438,9.6197,not_tracked,2022-08-30T00:00:00.000000+00:00
2022,PIT,7.5,-105,-135,0.0867,0.4713,0.5287,7.4449,not_tracked,2022-08-30T00:00:00.000000+00:00
2022,SEA,6.0,110,-130,0.0414,0.4573,0.5427,5.9177,not_tracked,2022-08-30T00:00:00.000000+00:00
2022,SF,10.0,-110,-110,0.0476,0.5,0.5,10.0,not_tracked,2022-08-30T00:00:00.000000+00:00
2022,TB,11.5,110,-130,0.0414,0.4573,0.5427,11.4177,not_tracked,2022-08-30T00:00:00.000000+00:00
2022,TEN,9.5,120,-140,0.0379,0.438,0.562,9.3803,not_tracked,2022-08-30T00:00:00.000000+00:00
2022,WAS,7.5,-115,-105,0.0471,0.5108,0.4892,7.5208,not_tracked,2022-08-30T00:00:00.000000+00:00
2023,ARI,4.5,-115,-105,0.0471,0.5108,0.4892,4.5208,not_tracked,2023-08-30T00:00:00.000000+00:00
2023,ATL,8.5,-130,110,0.0414,0.5427,0.4573,8.5823,not_tracked,2023-08-30T00:00:00.000000+00:00
2023,BAL,10.5,104,-130,0.0554,0.4645,0.5355,10.4317,not_tracked,2023-08-30T00:00:00.000000+00:00
2023,BUF,10.5,-128,102,0.0565,0.5314,0.4686,10.5604,not_tracked,2023-08-30T00:00:00.000000+00:00
2023,CAR,7.5,-120,100,0.0455,0.5217,0.4783,7.5418,not_tracked,2023-08-30T00:00:00.000000+00:00
2023,CHI,7.5,-125,105,0.0434,0.5325,0.4675,7.5624,not_tracked,2023-08-30T00:00:00.000000+00:00
2023,CIN,11.5,105,-125,0.0434,0.4675,0.5325,11.4376,not_tracked,2023-08-30T00:00:00.000000+00:00
2023,CLE,9.5,125,-145,0.0363,0.4289,0.5711,9.3625,not_tracked,2023-08-30T00:00:00.000000+00:00
2023,DAL,9.5,-170,145,0.0378,0.6067,0.3933,9.708,not_tracked,2023-08-30T00:00:00.000000+00:00
2023,DEN,8.5,-115,-105,0.0471,0.5108,0.4892,8.5208,not_tracked,2023-08-30T00:00:00.000000+00:00
2023,DET,9.5,-135,115,0.0396,0.5526,0.4474,9.6013,not_tracked,2023-08-30T00:00:00.000000+00:00
2023,GB,7.5,-120,100,0.0455,0.5217,0.4783,7.5418,not_tracked,2023-08-30T00:00:00.000000+00:00
2023,HOU,6.5,120,-140,0.0379,0.438,0.562,6.3803,not_tracked,2023-08-30T00:00:00.000000+00:00
2023,IND,6.5,-125,105,0.0434,0.5325,0.4675,6.5624,not_tracked,2023-08-30T00:00:00.000000+00:00
2023,JAX,10.0,-110,-110,0.0476,0.5,0.5,10.0,not_tracked,2023-08-30T00:00:00.000000+00:00
2023,KC,11.5,-145,125,0.0363,0.5711,0.4289,11.6375,not_tracked,2023-08-30T00:00:00.000000+00:00
2023,LA,6.5,100,-120,0.0455,0.4783,0.5217,6.4582,not_tracked,2023-08-30T00:00:00.000000+00:00
2023,LAC,9.5,-130,110,0.0414,0.5427,0.4573,9.5823,not_tracked,2023-08-30T00:00:00.000000+00:00
2023,LV,7.5,170,-190,0.0255,0.3611,0.6389,7.2262,not_tracked,2023-08-30T00:00:00.000000+00:00
2023,MIA,9.5,-110,-110,0.0476,0.5,0.5,9.5,not_tracked,2023-08-30T00:00:00.000000+00:00
2023,MIN,8.5,-140,120,0.0379,0.562,0.438,8.6197,not_tracked,2023-08-30T00:00:00.000000+00:00
2023,NE,7.5,100,-120,0.0455,0.4783,0.5217,7.4582,not_tracked,2023-08-30T00:00:00.000000+00:00
2023,NO,9.5,120,-140,0.0379,0.438,0.562,9.3803,not_tracked,2023-08-30T00:00:00.000000+00:00
2023,NYG,7.5,-110,-110,0.0476,0.5,0.5,7.5,not_tracked,2023-08-30T00:00:00.000000+00:00
2023,NYJ,9.5,-135,115,0.0396,0.5526,0.4474,9.6013,not_tracked,2023-08-30T00:00:00.000000+00:00
2023,PHI,11.5,110,-130,0.0414,0.4573,0.5427,11.4177,not_tracked,2023-08-30T00:00:00.000000+00:00
2023,PIT,9.0,-115,-105,0.0471,0.5108,0.4892,9.0208,not_tracked,2023-08-30T00:00:00.000000+00:00
2023,SEA,9.0,-105,-115,0.0471,0.4892,0.5108,8.9792,not_tracked,2023-08-30T00:00:00.000000+00:00
2023,SF,10.5,-150,130,0.0348,0.5798,0.4202,10.6546,not_tracked,2023-08-30T00:00:00.000000+00:00
2023,TB,6.5,120,-140,0.0379,0.438,0.562,6.3803,not_tracked,2023-08-30T00:00:00.000000+00:00
2023,TEN,7.5,110,-130,0.0414,0.4573,0.5427,7.4177,not_tracked,2023-08-30T00:00:00.000000+00:00
2023,WAS,6.5,-110,-120,0.0693,0.4899,0.5101,6.4806,not_tracked,2023-08-30T00:00:00.000000+00:00
2024,ARI,6.5,-141,118,0.0438,0.5605,0.4395,6.6168,not_tracked,2024-08-30T00:00:00.000000+00:00
2024,ATL,9.5,-144,121,0.0427,0.566,0.434,9.6275,not_tracked,2024-08-30T00:00:00.000000+00:00
2024,BAL,11.5,180,-218,0.0427,0.3425,0.6575,11.187,not_tracked,2024-08-30T00:00:00.000000+00:00
2024,BUF,10.5,149,-179,0.0432,0.385,0.615,10.2752,not_tracked,2024-08-30T00:00:00.000000+00:00
2024,CAR,4.5,-260,212,0.0427,0.6926,0.3074,4.8899,not_tracked,2024-08-30T00:00:00.000000+00:00
2024,CHI,8.5,-184,153,0.0431,0.6211,0.3789,8.7372,not_tracked,2024-08-30T00:00:00.000000+00:00
2024,CIN,10.5,116,-138,0.0428,0.444,0.556,10.392,not_tracked,2024-08-30T00:00:00.000000+00:00
2024,CLE,8.5,-178,148,0.0435,0.6136,0.3864,8.7219,not_tracked,2024-08-30T00:00:00.000000+00:00
2024,DAL,10.5,134,-161,0.0442,0.4093,0.5907,10.3238,not_tracked,2024-08-30T00:00:00.000000+00:00
2024,DEN,5.5,-157,134,0.0382,0.5884,0.4116,5.6715,not_tracked,2024-08-30T00:00:00.000000+00:00
2024,DET,10.5,-110,-106,0.0384,0.5045,0.4955,10.5085,not_tracked,2024-08-30T00:00:00.000000+00:00
2024,GB,9.5,-128,108,0.0422,0.5387,0.4613,9.5744,not_tracked,2024-08-30T00:00:00.000000+00:00
2024,HOU,9.5,-122,103,0.0422,0.5273,0.4727,9.5525,not_tracked,2024-08-30T00:00:00.000000+00:00
2024,IND,8.5,119,-143,0.0451,0.4369,0.5631,8.3782,not_tracked,2024-08-30T00:00:00.000000+00:00
2024,JAX,8.5,-106,-112,0.0429,0.4934,0.5066,8.4874,not_tracked,2024-08-30T00:00:00.000000+00:00
2024,KC,11.5,109,-128,0.0399,0.4601,0.5399,11.4233,not_tracked,2024-08-30T00:00:00.000000+00:00
2024,LA,8.5,-159,133,0.0431,0.5885,0.4115,8.6718,not_tracked,2024-08-30T00:00:00.000000+00:00
2024,LAC,8.5,-137,118,0.0368,0.5576,0.4424,8.611,not_tracked,2024-08-30T00:00:00.000000+00:00
2024,LV,6.5,-118,101,0.0388,0.5211,0.4789,6.5405,not_tracked,2024-08-30T00:00:00.000000+00:00
2024,MIA,9.5,-167,139,0.0439,0.5992,0.4008,9.693,not_tracked,2024-08-30T00:00:00.000000+00:00
2024,MIN,6.5,-145,121,0.0443,0.5667,0.4333,6.6288,not_tracked,2024-08-30T00:00:00.000000+00:00
2024,NE,4.5,-139,117,0.0424,0.5579,0.4421,4.6117,not_tracked,2024-08-30T00:00:00.000000+00:00
2024,NO,7.5,109,-130,0.0437,0.4584,0.5416,7.42,not_tracked,2024-08-30T00:00:00.000000+00:00
2024,NYG,6.5,121,-142,0.0393,0.4354,0.5646,6.3753,not_tracked,2024-08-30T00:00:00.000000+00:00
2024,NYJ,9.5,-160,134,0.0427,0.5902,0.4098,9.675,not_tracked,2024-08-30T00:00:00.000000+00:00
2024,PHI,10.5,-144,121,0.0427,0.566,0.434,10.6275,not_tracked,2024-08-30T00:00:00.000000+00:00
2024,PIT,7.5,-184,148,0.0511,0.6164,0.3836,7.7276,not_tracked,2024-08-30T00:00:00.000000+00:00
2024,SEA,7.5,-164,137,0.0432,0.5955,0.4045,7.6856,not_tracked,2024-08-30T00:00:00.000000+00:00
2024,SF,11.5,100,-122,0.0495,0.4764,0.5236,11.4546,not_tracked,2024-08-30T00:00:00.000000+00:00
2024,TB,8.5,156,-188,0.0434,0.3744,0.6256,8.2536,not_tracked,2024-08-30T00:00:00.000000+00:00
2024,TEN,6.5,123,-147,0.0436,0.4297,0.5703,6.3642,not_tracked,2024-08-30T00:00:00.000000+00:00
2024,WAS,6.5,105,-123,0.0394,0.4693,0.5307,6.441,not_tracked,2024-08-30T00:00:00.000000+00:00
2025,ARI,8.5,-140,115,0.0484,0.5564,0.4436,8.6087,draftkings,2025-09-01T06:32:07.429730+00:00
2025,ATL,7.5,-140,115,0.0484,0.5564,0.4436,7.6087,draftkings,2025-09-01T06:32:07.429730+00:00
2025,BAL,11.5,-125,105,0.0434,0.5325,0.4675,11.5624,draftkings,2025-09-01T06:32:07.429730+00:00
2025,BUF,12.5,125,-150,0.0444,0.4255,0.5745,12.356,draftkings,2025-09-01T06:32:07.429730+00:00
2025,CAR,6.5,-130,110,0.0414,0.5427,0.4573,6.5823,draftkings,2025-09-01T06:32:07.429730+00:00
2025,CHI,7.5,-140,115,0.0484,0.5564,0.4436,7.6087,draftkings,2025-09-01T06:32:07.429730+00:00
2025,CIN,9.5,-105,-115,0.0471,0.4892,0.5108,9.4792,draftkings,2025-09-01T06:32:07.429730+00:00
2025,CLE,4.5,-145,120,0.0464,0.5656,0.4344,4.6267,draftkings,2025-09-01T06:32:07.429730+00:00
2025,DAL,7.5,100,-120,0.0455,0.4783,0.5217,7.4582,draftkings,2025-09-01T06:32:07.429730+00:00
2025,DEN,9.5,-140,115,0.0484,0.5564,0.4436,9.6087,draftkings,2025-09-01T06:32:07.429730+00:00
2025,DET,9.5,-125,105,0.0434,0.5325,0.4675,9.5624,draftkings,2025-09-01T06:32:07.429730+00:00
2025,GB,10.5,105,-125,0.0434,0.4675,0.5325,10.4376,draftkings,2025-09-01T06:32:07.429730+00:00
2025,HOU,9.5,110,-130,0.0414,0.4573,0.5427,9.4177,draftkings,2025-09-01T06:32:07.429730+00:00
2025,IND,7.5,110,-130,0.0414,0.4573,0.5427,7.4177,draftkings,2025-09-01T06:32:07.429730+00:00
2025,JAX,7.5,-125,105,0.0434,0.5325,0.4675,7.5624,draftkings,2025-09-01T06:32:07.429730+00:00
2025,KC,11.5,110,-130,0.0414,0.4573,0.5427,11.4177,draftkings,2025-09-01T06:32:07.429730+00:00
2025,LA,9.5,-145,120,0.0464,0.5656,0.4344,9.6267,draftkings,2025-09-01T06:32:07.429730+00:00
2025,LAC,9.5,-105,-115,0.0471,0.4892,0.5108,9.4792,draftkings,2025-09-01T06:32:07.429730+00:00
2025,LV,6.5,-145,120,0.0464,0.5656,0.4344,6.6267,draftkings,2025-09-01T06:32:07.429730+00:00
2025,MIA,7.5,-105,-115,0.0471,0.4892,0.5108,7.4792,draftkings,2025-09-01T06:32:07.429730+00:00
2025,MIN,9.5,115,-140,0.0484,0.4436,0.5564,9.3913,draftkings,2025-09-01T06:32:07.429730+00:00
2025,NE,8.5,-110,-110,0.0476,0.5,0.5,8.5,draftkings,2025-09-01T06:32:07.429730+00:00
2025,NO,4.5,-135,110,0.0507,0.5468,0.4532,4.59,draftkings,2025-09-01T06:32:07.429730+00:00
2025,NYG,5.5,-140,115,0.0484,0.5564,0.4436,5.6087,draftkings,2025-09-01T06:32:07.429730+00:00
2025,NYJ,6.5,120,-145,0.0464,0.4344,0.5656,6.3733,draftkings,2025-09-01T06:32:07.429730+00:00
2025,PHI,10.5,-150,125,0.0444,0.5745,0.4255,10.644,draftkings,2025-09-01T06:32:07.429730+00:00
2025,PIT,8.5,-125,105,0.0434,0.5325,0.4675,8.5624,draftkings,2025-09-01T06:32:07.429730+00:00
2025,SEA,8.5,100,-120,0.0455,0.4783,0.5217,8.4582,draftkings,2025-09-01T06:32:07.429730+00:00
2025,SF,10.5,105,-125,0.0434,0.4675,0.5325,10.4376,draftkings,2025-09-01T06:32:07.429730+00:00
2025,TB,9.5,-120,100,0.0455,0.5217,0.4783,9.5418,draftkings,2025-09-01T06:32:07.429730+00:00
2025,TEN,6.5,110,-130,0.0414,0.4573,0.5427,6.4177,draftkings,2025-09-01T06:32:07.429730+00:00
2025,WAS,9.5,-110,-110,0.0476,0.5,0.5,9.5,draftkings,2025-09-01T06:32:07.429730+00:00
2026,ARI,3.5,-136,115,0.0414,0.5534,0.4466,3.6028,draftkings,2026-09-07T06:24:59.045987+00:00
2026,ATL,7.5,120,-140,0.0379,0.438,0.562,7.3803,draftkings,2026-09-07T06:24:59.045987+00:00
2026,BAL,11.5,115,-140,0.0484,0.4436,0.5564,11.3913,draftkings,2026-09-07T06:24:59.045987+00:00
2026,BUF,10.5,-120,100,0.0455,0.5217,0.4783,10.5418,draftkings,2026-09-07T06:24:59.045987+00:00
2026,CAR,7.5,115,-136,0.0414,0.4466,0.5534,7.3972,draftkings,2026-09-07T06:24:59.045987+00:00
2026,CHI,9.5,105,-125,0.0434,0.4675,0.5325,9.4376,draftkings,2026-09-07T06:24:59.045987+00:00
2026,CIN,10.5,115,-140,0.0484,0.4436,0.5564,10.3913,draftkings,2026-09-07T06:24:59.045987+00:00
2026,CLE,5.5,-125,105,0.0434,0.5325,0.4675,5.5624,draftkings,2026-09-07T06:24:59.045987+00:00
2026,DAL,9.5,100,-120,0.0455,0.4783,0.5217,9.4582,draftkings,2026-09-07T06:24:59.045987+00:00
2026,DEN,9.5,-115,-105,0.0471,0.5108,0.4892,9.5208,draftkings,2026-09-07T06:24:59.045987+00:00
2026,DET,10.5,-115,-105,0.0471,0.5108,0.4892,10.5208,draftkings,2026-09-07T06:24:59.045987+00:00
2026,GB,9.5,-130,110,0.0414,0.5427,0.4573,9.5823,draftkings,2026-09-07T06:24:59.045987+00:00
2026,HOU,9.5,-146,124,0.0399,0.5707,0.4293,9.6367,draftkings,2026-09-07T06:24:59.045987+00:00
2026,IND,7.5,-140,115,0.0484,0.5564,0.4436,7.6087,draftkings,2026-09-07T06:24:59.045987+00:00
2026,JAX,8.5,-140,116,0.0463,0.5575,0.4425,8.6109,draftkings,2026-09-07T06:24:59.045987+00:00
2026,KC,10.5,115,-140,0.0484,0.4436,0.5564,10.3913,draftkings,2026-09-07T06:24:59.045987+00:00
2026,LA,11.5,-130,110,0.0414,0.5427,0.4573,11.5823,draftkings,2026-09-07T06:24:59.045987+00:00
2026,LAC,9.5,-140,115,0.0484,0.5564,0.4436,9.6087,draftkings,2026-09-07T06:24:59.045987+00:00
2026,LV,6.5,125,-150,0.0444,0.4255,0.5745,6.356,draftkings,2026-09-07T06:24:59.045987+00:00
2026,MIA,3.5,-140,110,0.0595,0.5506,0.4494,3.5974,draftkings,2026-09-07T06:24:59.045987+00:00
2026,MIN,8.5,-120,100,0.0455,0.5217,0.4783,8.5418,draftkings,2026-09-07T06:24:59.045987+00:00
2026,NE,10.5,115,-140,0.0484,0.4436,0.5564,10.3913,draftkings,2026-09-07T06:24:59.045987+00:00
2026,NO,7.5,-120,100,0.0455,0.5217,0.4783,7.5418,draftkings,2026-09-07T06:24:59.045987+00:00
2026,NYG,7.5,-110,-110,0.0476,0.5,0.5,7.5,draftkings,2026-09-07T06:24:59.045987+00:00
2026,NYJ,5.5,-115,-105,0.0471,0.5108,0.4892,5.5208,draftkings,2026-09-07T06:24:59.045987+00:00
2026,PHI,10.5,115,-140,0.0484,0.4436,0.5564,10.3913,draftkings,2026-09-07T06:24:59.045987+00:00
2026,PIT,8.5,110,-130,0.0414,0.4573,0.5427,8.4177,draftkings,2026-09-07T06:24:59.045987+00:00
2026,SEA,10.5,-115,-105,0.0471,0.5108,0.4892,10.5208,draftkings,2026-09-07T06:24:59.045987+00:00
2026,SF,9.5,-146,120,0.048,0.5663,0.4337,9.628,draftkings,2026-09-07T06:24:59.045987+00:00
2026,TB,8.5,115,-136,0.0414,0.4466,0.5534,8.3972,draftkings,2026-09-07T06:24:59.045987+00:00
2026,TEN,6.5,100,-120,0.0455,0.4783,0.5217,6.4582,draftkings,2026-09-07T06:24:59.045987+00:00
2026,WAS,7.5,105,-125,0.0434,0.4675,0.5325,7.4376,draftkings,2026-09-07T06:24:59.045987+00:00
